10,10,0,admire_art1_scene3,0,0.0,9.315,ActionXXX0,kitchen11_scene3,
10,10,0,admire_art1_scene3,1,9.315,20.147999999999996,ActionXXX1,livingroom194_scene3,
10,10,0,admire_art1_scene3,2,20.147999999999996,25.529999999999994,ActionXXX2,wallpictureframe227_scene3,
10,10,0,admire_art1_scene3,3,25.529999999999994,25.529999999999994,ActionXXX3,wallpictureframe227_scene3,
10,10,0,admire_art1_scene3,4,25.529999999999994,25.529999999999994,ActionXXX4,wallpictureframe227_scene3,
