10,10,0,admire_art1_scene5,0,0.0,8.348999999999998,ActionXXX0,kitchen112_scene5,
10,10,0,admire_art1_scene5,1,8.348999999999998,14.765999999999998,ActionXXX1,livingroom11_scene5,
10,10,0,admire_art1_scene5,2,14.765999999999998,19.871999999999996,ActionXXX2,wallpictureframe79_scene5,
10,10,0,admire_art1_scene5,3,19.871999999999996,19.871999999999996,ActionXXX3,wallpictureframe79_scene5,
10,10,0,admire_art1_scene5,4,19.871999999999996,19.871999999999996,ActionXXX4,wallpictureframe79_scene5,
