10,10,0,clean_kitchentable1_scene7,0,0.0,4.484999999999999,ActionXXX0,kitchentable133_scene7,
10,10,0,clean_kitchentable1_scene7,1,4.484999999999999,12.833999999999998,ActionXXX1,washingsponge114_scene7,
10,10,0,clean_kitchentable1_scene7,2,12.833999999999998,15.938999999999997,ActionXXX2,washingsponge114_scene7,
10,10,0,clean_kitchentable1_scene7,3,15.938999999999997,23.735999999999997,ActionXXX3,kitchentable133_scene7,
10,10,0,clean_kitchentable1_scene7,4,23.735999999999997,41.675999999999995,ActionXXX4,washingsponge114_scene7,kitchentable133_scene7
