10,10,0,clean_desk4_scene1,0,0.0,4.829999999999999,ActionXXX0,desk111_scene1,
10,10,0,clean_desk4_scene1,1,4.829999999999999,15.386999999999997,ActionXXX1,bathroom11_scene1,
10,10,0,clean_desk4_scene1,2,15.386999999999997,21.941999999999997,ActionXXX2,towel55_scene1,
10,10,0,clean_desk4_scene1,3,21.941999999999997,25.046999999999997,ActionXXX3,towel55_scene1,
10,10,0,clean_desk4_scene1,4,25.046999999999997,35.535,ActionXXX4,bedroom75_scene1,
10,10,0,clean_desk4_scene1,5,35.535,41.538,ActionXXX5,desk111_scene1,
10,10,0,clean_desk4_scene1,6,41.538,41.538,ActionXXX6,desk111_scene1,
10,10,0,clean_desk4_scene1,7,41.538,60.09899999999999,ActionXXX7,towel55_scene1,desk111_scene1
