10,10,0,clean_fridge1_scene6,0,0.0,8.969999999999999,ActionXXX0,fridge240_scene6,
10,10,0,clean_fridge1_scene6,1,8.969999999999999,13.799999999999997,ActionXXX1,washingsponge212_scene6,
10,10,0,clean_fridge1_scene6,2,13.799999999999997,16.904999999999998,ActionXXX2,washingsponge212_scene6,
10,10,0,clean_fridge1_scene6,3,16.904999999999998,22.08,ActionXXX3,fridge240_scene6,
10,10,0,clean_fridge1_scene6,4,22.08,25.391999999999996,ActionXXX4,fridge240_scene6,
10,10,0,clean_fridge1_scene6,5,25.391999999999996,44.919,ActionXXX5,washingsponge212_scene6,fridge240_scene6
10,10,0,clean_fridge1_scene6,6,44.919,48.230999999999995,ActionXXX6,fridge240_scene6,
10,10,0,clean_fridge1_scene6,7,48.230999999999995,67.827,ActionXXX7,washingsponge212_scene6,fridge240_scene6
