10,10,0,fall_while_sitting_down1_scene4,0,0.0,12.005999999999998,ActionXXX0,bedroom216_scene4,
10,10,0,fall_while_sitting_down1_scene4,1,12.005999999999998,15.110999999999997,ActionXXX1,chair218_scene4,
10,10,0,fall_while_sitting_down1_scene4,2,15.110999999999997,20.906999999999996,ActionXXX2,chair218_scene4,
10,10,0,fall_while_sitting_down1_scene4,3,20.906999999999996,36.36299999999999,ActionXXX3,chair218_scene4,
