10,10,0,fall_while_sitting_down1_scene1,0,0.0,11.384999999999998,ActionXXX0,bedroom75_scene1,
10,10,0,fall_while_sitting_down1_scene1,1,11.384999999999998,16.697999999999997,ActionXXX1,chair113_scene1,
10,10,0,fall_while_sitting_down1_scene1,2,16.697999999999997,25.115999999999996,ActionXXX2,chair113_scene1,
10,10,0,fall_while_sitting_down1_scene1,3,25.115999999999996,40.571999999999996,ActionXXX3,chair113_scene1,
