10,10,0,fall_while_sitting_down1_scene5,0,0.0,7.175999999999999,ActionXXX0,bedroom231_scene5,
10,10,0,fall_while_sitting_down1_scene5,1,7.175999999999999,10.142999999999999,ActionXXX1,chair273_scene5,
10,10,0,fall_while_sitting_down1_scene5,2,10.142999999999999,18.284999999999997,ActionXXX2,chair273_scene5,
10,10,0,fall_while_sitting_down1_scene5,3,18.284999999999997,33.74099999999999,ActionXXX3,chair273_scene5,
