10,10,0,fold_clothespants1_scene6,0,0.0,5.864999999999999,ActionXXX0,clothespants134_scene6,
10,10,0,fold_clothespants1_scene6,1,5.864999999999999,8.969999999999999,ActionXXX1,clothespants134_scene6,
10,10,0,fold_clothespants1_scene6,2,8.969999999999999,18.836999999999996,ActionXXX2,bed104_scene6,
10,10,0,fold_clothespants1_scene6,3,18.836999999999996,31.877999999999993,ActionXXX3,,
10,10,0,fold_clothespants1_scene6,4,31.877999999999993,34.913999999999994,ActionXXX4,clothespants134_scene6,bed104_scene6
