10,10,0,fold_clothespile1_scene6,0,0.0,3.8639999999999994,ActionXXX0,clothespile145_scene6,
10,10,0,fold_clothespile1_scene6,1,3.8639999999999994,6.968999999999999,ActionXXX1,clothespile145_scene6,
10,10,0,fold_clothespile1_scene6,2,6.968999999999999,14.972999999999999,ActionXXX2,bed104_scene6,
10,10,0,fold_clothespile1_scene6,3,14.972999999999999,29.945999999999998,ActionXXX3,clothespile145_scene6,
10,10,0,fold_clothespile1_scene6,4,29.945999999999998,40.778999999999996,ActionXXX4,,
10,10,0,fold_clothespile1_scene6,5,40.778999999999996,43.815,ActionXXX5,clothespile145_scene6,bed104_scene6
