10,10,0,fold_clothesshirt1_scene5,0,0.0,4.760999999999999,ActionXXX0,closet274_scene5,
10,10,0,fold_clothesshirt1_scene5,1,4.760999999999999,7.865999999999999,ActionXXX1,clothesshirt278_scene5,
10,10,0,fold_clothesshirt1_scene5,2,7.865999999999999,12.281999999999998,ActionXXX2,bed293_scene5,
10,10,0,fold_clothesshirt1_scene5,3,12.281999999999998,25.598999999999997,ActionXXX3,clothesshirt278_scene5,
10,10,0,fold_clothesshirt1_scene5,4,25.598999999999997,34.63799999999999,ActionXXX4,,
10,10,0,fold_clothesshirt1_scene5,5,34.63799999999999,37.67399999999999,ActionXXX5,clothesshirt278_scene5,bed293_scene5
