10,10,0,fold_clothesshirt1_scene1,0,0.0,6.278999999999999,ActionXXX0,closet115_scene1,
10,10,0,fold_clothesshirt1_scene1,1,6.278999999999999,13.937999999999999,ActionXXX1,clothesshirt132_scene1,
10,10,0,fold_clothesshirt1_scene1,2,13.937999999999999,23.321999999999996,ActionXXX2,bed112_scene1,
10,10,0,fold_clothesshirt1_scene1,3,23.321999999999996,37.949999999999996,ActionXXX3,clothesshirt132_scene1,
10,10,0,fold_clothesshirt1_scene1,4,37.949999999999996,50.163,ActionXXX4,,
10,10,0,fold_clothesshirt1_scene1,5,50.163,53.199,ActionXXX5,clothesshirt132_scene1,bed112_scene1
