10,10,0,legopp1_scene3,0,0.0,8.211,ActionXXX0,bedroom358_scene3,
10,10,0,legopp1_scene3,1,8.211,17.387999999999998,ActionXXX1,kitchen11_scene3,
10,10,0,legopp1_scene3,2,17.387999999999998,28.013999999999996,ActionXXX2,livingroom194_scene3,
10,10,0,legopp1_scene3,3,28.013999999999996,47.26499999999999,ActionXXX3,,
10,10,0,legopp1_scene3,4,47.26499999999999,67.827,ActionXXX4,,
10,10,0,legopp1_scene3,5,67.827,88.389,ActionXXX5,,
