10,10,0,pick_up_dirty_knife1_scene5,0,0.0,4.553999999999999,ActionXXX0,cutleryknife199_scene5,
10,10,0,pick_up_dirty_knife1_scene5,1,4.553999999999999,7.658999999999999,ActionXXX1,cutleryknife199_scene5,
10,10,0,pick_up_dirty_knife1_scene5,2,7.658999999999999,10.349999999999998,ActionXXX2,sink152_scene5,
10,10,0,pick_up_dirty_knife1_scene5,3,10.349999999999998,13.385999999999997,ActionXXX3,cutleryknife199_scene5,sink152_scene5
