10,10,0,pick_up_dirty_dishes1_scene6,0,0.0,4.691999999999999,ActionXXX0,plate219_scene6,
10,10,0,pick_up_dirty_dishes1_scene6,1,4.691999999999999,7.796999999999999,ActionXXX1,plate219_scene6,
10,10,0,pick_up_dirty_dishes1_scene6,2,7.796999999999999,15.179999999999998,ActionXXX2,plate223_scene6,
10,10,0,pick_up_dirty_dishes1_scene6,3,15.179999999999998,18.284999999999997,ActionXXX3,plate223_scene6,
10,10,0,pick_up_dirty_dishes1_scene6,4,18.284999999999997,22.424999999999997,ActionXXX4,sink197_scene6,
10,10,0,pick_up_dirty_dishes1_scene6,5,22.424999999999997,25.461,ActionXXX5,plate219_scene6,sink197_scene6
10,10,0,pick_up_dirty_dishes1_scene6,6,25.461,28.497,ActionXXX6,plate223_scene6,sink197_scene6
