10,10,0,place_wine1_scene7,0,0.0,6.968999999999999,ActionXXX0,wine376_scene7,
10,10,0,place_wine1_scene7,1,6.968999999999999,10.073999999999998,ActionXXX1,wine376_scene7,
10,10,0,place_wine1_scene7,2,10.073999999999998,15.317999999999998,ActionXXX2,kitchentable133_scene7,
10,10,0,place_wine1_scene7,3,15.317999999999998,21.941999999999997,ActionXXX3,wine376_scene7,kitchentable133_scene7
