10,10,0,place_wine1_scene1,0,0.0,4.484999999999999,ActionXXX0,wine465_scene1,
10,10,0,place_wine1_scene1,1,4.484999999999999,7.589999999999999,ActionXXX1,wine465_scene1,
10,10,0,place_wine1_scene1,2,7.589999999999999,15.593999999999998,ActionXXX2,kitchentable233_scene1,
10,10,0,place_wine1_scene1,3,15.593999999999998,18.63,ActionXXX3,wine465_scene1,kitchentable233_scene1
