10,10,0,place_wineglass1_scene2,0,0.0,7.037999999999999,ActionXXX0,wineglass348_scene2,
10,10,0,place_wineglass1_scene2,1,7.037999999999999,10.142999999999999,ActionXXX1,wineglass348_scene2,
10,10,0,place_wineglass1_scene2,2,10.142999999999999,12.626999999999999,ActionXXX2,kitchentable129_scene2,
10,10,0,place_wineglass1_scene2,3,12.626999999999999,15.662999999999998,ActionXXX3,wineglass348_scene2,kitchentable129_scene2
