10,10,0,place_fork1_scene5,0,0.0,5.864999999999999,ActionXXX0,cutleryfork200_scene5,
10,10,0,place_fork1_scene5,1,5.864999999999999,8.969999999999999,ActionXXX1,cutleryfork200_scene5,
10,10,0,place_fork1_scene5,2,8.969999999999999,12.695999999999998,ActionXXX2,kitchentable139_scene5,
10,10,0,place_fork1_scene5,3,12.695999999999998,15.731999999999998,ActionXXX3,cutleryfork200_scene5,kitchentable139_scene5
