10,10,0,place_wine1_scene2,0,0.0,4.14,ActionXXX0,wine348_scene2,
10,10,0,place_wine1_scene2,1,4.14,7.244999999999999,ActionXXX1,wine348_scene2,
10,10,0,place_wine1_scene2,2,7.244999999999999,9.659999999999998,ActionXXX2,kitchentable129_scene2,
10,10,0,place_wine1_scene2,3,9.659999999999998,12.695999999999998,ActionXXX3,wine348_scene2,kitchentable129_scene2
