10,10,0,put_groceries_in_fridge19_scene1,0,0.0,8.348999999999998,ActionXXX0,crackers337_scene1,
10,10,0,put_groceries_in_fridge19_scene1,1,8.348999999999998,11.453999999999997,ActionXXX1,crackers337_scene1,
10,10,0,put_groceries_in_fridge19_scene1,2,11.453999999999997,19.595999999999997,ActionXXX2,fridge308_scene1,
10,10,0,put_groceries_in_fridge19_scene1,3,19.595999999999997,22.907999999999994,ActionXXX3,fridge308_scene1,
10,10,0,put_groceries_in_fridge19_scene1,4,22.907999999999994,22.907999999999994,ActionXXX4,fridge308_scene1,
10,10,0,put_groceries_in_fridge19_scene1,5,22.907999999999994,25.943999999999996,ActionXXX5,crackers337_scene1,fridge308_scene1
10,10,0,put_groceries_in_fridge19_scene1,6,25.943999999999996,29.255999999999993,ActionXXX6,fridge308_scene1,
