10,10,0,put_groceries_in_fridge15_scene6,0,0.0,9.038999999999998,ActionXXX0,cereal246_scene6,
10,10,0,put_groceries_in_fridge15_scene6,1,9.038999999999998,12.143999999999998,ActionXXX1,cereal246_scene6,
10,10,0,put_groceries_in_fridge15_scene6,2,12.143999999999998,17.939999999999998,ActionXXX2,fridge240_scene6,
10,10,0,put_groceries_in_fridge15_scene6,3,17.939999999999998,21.251999999999995,ActionXXX3,fridge240_scene6,
10,10,0,put_groceries_in_fridge15_scene6,4,21.251999999999995,21.251999999999995,ActionXXX4,fridge240_scene6,
10,10,0,put_groceries_in_fridge15_scene6,5,21.251999999999995,24.287999999999997,ActionXXX5,cereal246_scene6,fridge240_scene6
10,10,0,put_groceries_in_fridge15_scene6,6,24.287999999999997,27.599999999999994,ActionXXX6,fridge240_scene6,
