10,10,0,put_groceries_in_fridge15_scene5,0,0.0,8.004,ActionXXX0,cereal225_scene5,
10,10,0,put_groceries_in_fridge15_scene5,1,8.004,11.108999999999998,ActionXXX1,cereal225_scene5,
10,10,0,put_groceries_in_fridge15_scene5,2,11.108999999999998,17.180999999999997,ActionXXX2,fridge158_scene5,
10,10,0,put_groceries_in_fridge15_scene5,3,17.180999999999997,20.492999999999995,ActionXXX3,fridge158_scene5,
10,10,0,put_groceries_in_fridge15_scene5,4,20.492999999999995,20.492999999999995,ActionXXX4,fridge158_scene5,
10,10,0,put_groceries_in_fridge15_scene5,5,20.492999999999995,23.528999999999996,ActionXXX5,cereal225_scene5,fridge158_scene5
10,10,0,put_groceries_in_fridge15_scene5,6,23.528999999999996,26.840999999999994,ActionXXX6,fridge158_scene5,
