10,10,0,read_textbook1_scene3,0,0.0,3.6569999999999996,ActionXXX0,book392_scene3,
10,10,0,read_textbook1_scene3,1,3.6569999999999996,6.761999999999999,ActionXXX1,book392_scene3,
10,10,0,read_textbook1_scene3,2,6.761999999999999,15.386999999999999,ActionXXX2,desk406_scene3,
10,10,0,read_textbook1_scene3,3,15.386999999999999,29.945999999999998,ActionXXX3,book392_scene3,
10,10,0,read_textbook1_scene3,4,29.945999999999998,29.945999999999998,ActionXXX4,desk406_scene3,
10,10,0,read_textbook1_scene3,5,29.945999999999998,32.982,ActionXXX5,book392_scene3,desk406_scene3
10,10,0,read_textbook1_scene3,6,32.982,38.778,ActionXXX6,bathroom297_scene3,
10,10,0,read_textbook1_scene3,7,38.778,43.125,ActionXXX7,toilet333_scene3,
10,10,0,read_textbook1_scene3,8,43.125,49.059,ActionXXX8,toilet333_scene3,
