10,10,0,read_book1_scene6,0,0.0,10.211999999999998,ActionXXX0,bedroom70_scene6,
10,10,0,read_book1_scene6,1,10.211999999999998,18.560999999999996,ActionXXX1,livingroom260_scene6,
10,10,0,read_book1_scene6,2,18.560999999999996,24.839999999999996,ActionXXX2,book352_scene6,
10,10,0,read_book1_scene6,3,24.839999999999996,27.944999999999997,ActionXXX3,book352_scene6,
10,10,0,read_book1_scene6,4,27.944999999999997,35.327999999999996,ActionXXX4,sofa293_scene6,
10,10,0,read_book1_scene6,5,35.327999999999996,42.297,ActionXXX5,sofa293_scene6,
10,10,0,read_book1_scene6,6,42.297,56.855999999999995,ActionXXX6,book352_scene6,
