10,10,0,read_bedtime_story1_scene4,0,0.0,12.419999999999998,ActionXXX0,bedroom216_scene4,
10,10,0,read_bedtime_story1_scene4,1,12.419999999999998,12.419999999999998,ActionXXX1,lightswitch223_scene4,
10,10,0,read_bedtime_story1_scene4,2,12.419999999999998,15.800999999999998,ActionXXX2,lightswitch223_scene4,
10,10,0,read_bedtime_story1_scene4,3,15.800999999999998,20.561999999999998,ActionXXX3,book226_scene4,
10,10,0,read_bedtime_story1_scene4,4,20.561999999999998,23.666999999999998,ActionXXX4,book226_scene4,
10,10,0,read_bedtime_story1_scene4,5,23.666999999999998,27.945,ActionXXX5,bed221_scene4,
10,10,0,read_bedtime_story1_scene4,6,27.945,35.052,ActionXXX6,bed221_scene4,
10,10,0,read_bedtime_story1_scene4,7,35.052,50.439,ActionXXX7,book226_scene4,
