10,10,0,read_book1_scene2,0,0.0,12.419999999999998,ActionXXX0,livingroom274_scene2,
10,10,0,read_book1_scene2,1,12.419999999999998,17.319,ActionXXX1,book332_scene2,
10,10,0,read_book1_scene2,2,17.319,20.424,ActionXXX2,book332_scene2,
10,10,0,read_book1_scene2,3,20.424,27.186,ActionXXX3,sofa301_scene2,
10,10,0,read_book1_scene2,4,27.186,37.742999999999995,ActionXXX4,sofa301_scene2,
10,10,0,read_book1_scene2,5,37.742999999999995,52.64699999999999,ActionXXX5,book332_scene2,
