10,10,0,read_bedtime_story1_scene1,0,0.0,7.382999999999999,ActionXXX0,bedroom75_scene1,
10,10,0,read_bedtime_story1_scene1,1,7.382999999999999,15.455999999999998,ActionXXX1,lightswitch176_scene1,
10,10,0,read_bedtime_story1_scene1,2,15.455999999999998,18.836999999999996,ActionXXX2,lightswitch176_scene1,
10,10,0,read_bedtime_story1_scene1,3,18.836999999999996,26.426999999999996,ActionXXX3,book195_scene1,
10,10,0,read_bedtime_story1_scene1,4,26.426999999999996,29.531999999999996,ActionXXX4,book195_scene1,
10,10,0,read_bedtime_story1_scene1,5,29.531999999999996,34.086,ActionXXX5,bed112_scene1,
10,10,0,read_bedtime_story1_scene1,6,34.086,40.503,ActionXXX6,bed112_scene1,
10,10,0,read_bedtime_story1_scene1,7,40.503,54.441,ActionXXX7,book195_scene1,
