10,10,0,relax_on_bed1_scene6,0,0.0,12.488999999999999,ActionXXX0,bedroom70_scene6,
10,10,0,relax_on_bed1_scene6,1,12.488999999999999,16.836,ActionXXX1,bed104_scene6,
10,10,0,relax_on_bed1_scene6,2,16.836,28.220999999999997,ActionXXX2,bed104_scene6,
