10,10,0,squat_jumps1_scene5,0,0.0,7.659,ActionXXX0,livingroom11_scene5,
10,10,0,squat_jumps1_scene5,1,7.659,9.453,ActionXXX1,,
10,10,0,squat_jumps1_scene5,2,9.453,18.698999999999998,ActionXXX2,,
10,10,0,squat_jumps1_scene5,3,18.698999999999998,23.804999999999996,ActionXXX3,,
10,10,0,squat_jumps1_scene5,4,23.804999999999996,32.913,ActionXXX4,,
10,10,0,squat_jumps1_scene5,5,32.913,38.087999999999994,ActionXXX5,,
10,10,0,squat_jumps1_scene5,6,38.087999999999994,47.19599999999999,ActionXXX6,,
