10,10,0,turn_off_light5_scene6,0,0.0,2.5529999999999995,ActionXXX0,lightswitch204_scene6,
10,10,0,turn_off_light5_scene6,1,2.5529999999999995,5.933999999999999,ActionXXX1,lightswitch204_scene6,
10,10,0,turn_off_light5_scene6,2,5.933999999999999,16.973999999999997,ActionXXX2,bedroom70_scene6,
10,10,0,turn_off_light5_scene6,3,16.973999999999997,25.391999999999996,ActionXXX3,livingroom260_scene6,
