10,10,0,turn_off_light5_scene1,0,0.0,7.451999999999999,ActionXXX0,lightswitch263_scene1,
10,10,0,turn_off_light5_scene1,1,7.451999999999999,14.006999999999998,ActionXXX1,lightswitch263_scene1,
10,10,0,turn_off_light5_scene1,2,14.006999999999998,24.977999999999998,ActionXXX2,livingroom342_scene1,
