10,10,0,turn_off_light5_scene2,0,0.0,8.693999999999999,ActionXXX0,lightswitch82_scene2,
10,10,0,turn_off_light5_scene2,1,8.693999999999999,15.248999999999999,ActionXXX1,lightswitch82_scene2,
10,10,0,turn_off_light5_scene2,2,15.248999999999999,30.014999999999997,ActionXXX2,livingroom274_scene2,
