10,10,0,turn_on_light8_scene3,0,0.0,7.382999999999999,ActionXXX0,bathroom297_scene3,
10,10,0,turn_on_light8_scene3,1,7.382999999999999,13.316999999999998,ActionXXX1,lightswitch356_scene3,
10,10,0,turn_on_light8_scene3,2,13.316999999999998,19.113,ActionXXX2,lightswitch356_scene3,
