10,10,0,turn_on_light5_scene5,0,0.0,6.8309999999999995,ActionXXX0,livingroom11_scene5,
10,10,0,turn_on_light5_scene5,1,6.8309999999999995,13.248,ActionXXX1,kitchen112_scene5,
10,10,0,turn_on_light5_scene5,2,13.248,18.974999999999998,ActionXXX2,lightswitch210_scene5,
10,10,0,turn_on_light5_scene5,3,18.974999999999998,24.563999999999997,ActionXXX3,lightswitch210_scene5,
