10,10,0,turn_on_light7_scene6,0,0.0,6.623999999999999,ActionXXX0,bedroom70_scene6,
10,10,0,turn_on_light7_scene6,1,6.623999999999999,12.350999999999999,ActionXXX1,lightswitch109_scene6,
10,10,0,turn_on_light7_scene6,2,12.350999999999999,15.732,ActionXXX2,lightswitch109_scene6,
