10,10,0,use_toilet1_scene1,0,0.0,7.382999999999999,ActionXXX0,bathroom11_scene1,
10,10,0,use_toilet1_scene1,1,7.382999999999999,12.350999999999999,ActionXXX1,toilet46_scene1,
10,10,0,use_toilet1_scene1,2,12.350999999999999,23.46,ActionXXX2,toilet46_scene1,
10,10,0,use_toilet1_scene1,3,23.46,29.601,ActionXXX3,,
