10,10,0,walk_with_memory_loss7_scene6,0,0.0,11.246999999999998,ActionXXX0,bedroom70_scene6,
10,10,0,walk_with_memory_loss7_scene6,1,11.246999999999998,19.043999999999997,ActionXXX1,bed104_scene6,
10,10,0,walk_with_memory_loss7_scene6,2,19.043999999999997,21.872999999999998,ActionXXX2,pillow117_scene6,
10,10,0,walk_with_memory_loss7_scene6,3,21.872999999999998,22.217999999999996,ActionXXX3,bed104_scene6,
