10,10,0,walk_with_memory_loss5_scene1,0,0.0,8.831999999999999,ActionXXX0,kitchen209_scene1,
10,10,0,walk_with_memory_loss5_scene1,1,8.831999999999999,15.455999999999998,ActionXXX1,kitchentable233_scene1,
10,10,0,walk_with_memory_loss5_scene1,2,15.455999999999998,23.942999999999998,ActionXXX2,fridge308_scene1,
10,10,0,walk_with_memory_loss5_scene1,3,23.942999999999998,31.325999999999997,ActionXXX3,kitchentable233_scene1,
