10,10,0,walk_with_memory_loss6_scene6,0,0.0,8.969999999999999,ActionXXX0,bedroom70_scene6,
10,10,0,walk_with_memory_loss6_scene6,1,8.969999999999999,17.318999999999996,ActionXXX1,livingroom260_scene6,
10,10,0,walk_with_memory_loss6_scene6,2,17.318999999999996,24.080999999999996,ActionXXX2,sofa293_scene6,
10,10,0,walk_with_memory_loss6_scene6,3,24.080999999999996,28.427999999999997,ActionXXX3,tv327_scene6,
10,10,0,walk_with_memory_loss6_scene6,4,28.427999999999997,33.602999999999994,ActionXXX4,sofa293_scene6,
