10,10,0,walk_with_memory_loss7_scene4,0,0.0,5.726999999999999,ActionXXX0,bedroom216_scene4,
10,10,0,walk_with_memory_loss7_scene4,1,5.726999999999999,10.556999999999999,ActionXXX1,bed221_scene4,
10,10,0,walk_with_memory_loss7_scene4,2,10.556999999999999,14.420999999999998,ActionXXX2,pillow259_scene4,
10,10,0,walk_with_memory_loss7_scene4,3,14.420999999999998,15.938999999999998,ActionXXX3,bed221_scene4,
