10,10,0,walk_with_memory_loss8_scene5,0,0.0,6.554999999999999,ActionXXX0,kitchen112_scene5,
10,10,0,walk_with_memory_loss8_scene5,1,6.554999999999999,13.247999999999998,ActionXXX1,livingroom11_scene5,
10,10,0,walk_with_memory_loss8_scene5,2,13.247999999999998,20.561999999999998,ActionXXX2,bathroom295_scene5,
10,10,0,walk_with_memory_loss8_scene5,3,20.561999999999998,24.839999999999996,ActionXXX3,towel361_scene5,
10,10,0,walk_with_memory_loss8_scene5,4,24.839999999999996,29.531999999999996,ActionXXX4,toilet315_scene5,
10,10,0,walk_with_memory_loss8_scene5,5,29.531999999999996,34.431,ActionXXX5,towel361_scene5,
