2,2,0,clean_desk4_scene1,0,0.0,4.829999999999999,ActionXXX0,desk111_scene1,
2,2,0,clean_desk4_scene1,1,4.829999999999999,15.386999999999997,walk,bathroom11_scene1,
2,2,0,clean_desk4_scene1,2,15.386999999999997,21.941999999999997,walk,towel55_scene1,
2,2,0,clean_desk4_scene1,3,21.941999999999997,25.046999999999997,grab,towel55_scene1,
2,2,0,clean_desk4_scene1,4,25.046999999999997,35.535,walk,bedroom75_scene1,
2,2,0,clean_desk4_scene1,5,35.535,41.538,walk,desk111_scene1,
2,2,0,clean_desk4_scene1,6,41.538,41.538,turnTo,desk111_scene1,
2,2,0,clean_desk4_scene1,7,41.538,60.09899999999999,wipe,towel55_scene1,desk111_scene1
