2,2,0,eat_cupcake1_scene3,0,0.0,9.383999999999999,ActionXXX0,bedroom358_scene3,
2,2,0,eat_cupcake1_scene3,1,9.383999999999999,18.767999999999997,walk,kitchen11_scene3,
2,2,0,eat_cupcake1_scene3,2,18.767999999999997,24.011999999999997,walk,cupcake191_scene3,
2,2,0,eat_cupcake1_scene3,3,24.011999999999997,27.116999999999997,grab,cupcake191_scene3,
2,2,0,eat_cupcake1_scene3,4,27.116999999999997,39.53699999999999,walk,livingroom194_scene3,
2,2,0,eat_cupcake1_scene3,5,39.53699999999999,43.46999999999999,walk,sofa224_scene3,
2,2,0,eat_cupcake1_scene3,6,43.46999999999999,50.78399999999999,sit,sofa224_scene3,
2,2,0,eat_cupcake1_scene3,7,50.78399999999999,61.06499999999999,eat,cupcake191_scene3,
