2,2,0,fall_while_sitting_down1_scene4,0,0.0,12.005999999999998,walk,bedroom216_scene4,
2,2,0,fall_while_sitting_down1_scene4,1,12.005999999999998,15.110999999999997,walk,chair218_scene4,
2,2,0,fall_while_sitting_down1_scene4,2,15.110999999999997,20.906999999999996,sit,chair218_scene4,
2,2,0,fall_while_sitting_down1_scene4,3,20.906999999999996,36.36299999999999,fallsit,chair218_scene4,
