2,2,0,place_fork1_scene7,0,0.0,7.037999999999999,walk,cutleryfork123_scene7,
2,2,0,place_fork1_scene7,1,7.037999999999999,10.142999999999999,grab,cutleryfork123_scene7,
2,2,0,place_fork1_scene7,2,10.142999999999999,17.525999999999996,ActionXXX2,kitchentable133_scene7,
2,2,0,place_fork1_scene7,3,17.525999999999996,23.459999999999994,put,cutleryfork123_scene7,kitchentable133_scene7
