2,2,0,place_fork1_scene5,0,0.0,5.864999999999999,walk,cutleryfork200_scene5,
2,2,0,place_fork1_scene5,1,5.864999999999999,8.969999999999999,grab,cutleryfork200_scene5,
2,2,0,place_fork1_scene5,2,8.969999999999999,12.695999999999998,walk,kitchentable139_scene5,
2,2,0,place_fork1_scene5,3,12.695999999999998,15.731999999999998,put,cutleryfork200_scene5,kitchentable139_scene5
