2,2,0,place_wine1_scene2,0,0.0,4.14,walk,wine348_scene2,
2,2,0,place_wine1_scene2,1,4.14,7.244999999999999,grab,wine348_scene2,
2,2,0,place_wine1_scene2,2,7.244999999999999,9.659999999999998,walk,kitchentable129_scene2,
2,2,0,place_wine1_scene2,3,9.659999999999998,12.695999999999998,put,wine348_scene2,kitchentable129_scene2
