2,2,0,put_groceries_in_fridge20_scene4,0,0.0,3.8639999999999994,walk,creamybuns56_scene4,
2,2,0,put_groceries_in_fridge20_scene4,1,3.8639999999999994,6.968999999999999,grab,creamybuns56_scene4,
2,2,0,put_groceries_in_fridge20_scene4,2,6.968999999999999,14.213999999999999,walk,fridge107_scene4,
2,2,0,put_groceries_in_fridge20_scene4,3,14.213999999999999,17.525999999999996,open,fridge107_scene4,
2,2,0,put_groceries_in_fridge20_scene4,4,17.525999999999996,17.525999999999996,turnTo,fridge107_scene4,
2,2,0,put_groceries_in_fridge20_scene4,5,17.525999999999996,20.561999999999998,putIn,creamybuns56_scene4,fridge107_scene4
2,2,0,put_groceries_in_fridge20_scene4,6,20.561999999999998,23.873999999999995,close,fridge107_scene4,
