2,2,0,put_groceries_in_fridge15_scene5,0,0.0,8.004,ActionXXX0,cereal225_scene5,
2,2,0,put_groceries_in_fridge15_scene5,1,8.004,11.108999999999998,grab,cereal225_scene5,
2,2,0,put_groceries_in_fridge15_scene5,2,11.108999999999998,17.180999999999997,walk,fridge158_scene5,
2,2,0,put_groceries_in_fridge15_scene5,3,17.180999999999997,20.492999999999995,open,fridge158_scene5,
2,2,0,put_groceries_in_fridge15_scene5,4,20.492999999999995,20.492999999999995,turnTo,fridge158_scene5,
2,2,0,put_groceries_in_fridge15_scene5,5,20.492999999999995,23.528999999999996,putIn,cereal225_scene5,fridge158_scene5
2,2,0,put_groceries_in_fridge15_scene5,6,23.528999999999996,26.840999999999994,close,fridge158_scene5,
