2,2,0,relax_on_bed1_scene6,0,0.0,12.488999999999999,walk,bedroom70_scene6,
2,2,0,relax_on_bed1_scene6,1,12.488999999999999,16.836,walk,bed104_scene6,
2,2,0,relax_on_bed1_scene6,2,16.836,28.220999999999997,sit,bed104_scene6,
