2,2,0,squat_jumps1_scene5,0,0.0,7.659,walk,livingroom11_scene5,
2,2,0,squat_jumps1_scene5,1,7.659,9.453,squat,,
2,2,0,squat_jumps1_scene5,2,9.453,18.698999999999998,ActionXXX2,,
2,2,0,squat_jumps1_scene5,3,18.698999999999998,23.804999999999996,squat,,
2,2,0,squat_jumps1_scene5,4,23.804999999999996,32.913,ActionXXX4,,
2,2,0,squat_jumps1_scene5,5,32.913,38.087999999999994,squat,,
2,2,0,squat_jumps1_scene5,6,38.087999999999994,47.19599999999999,jump,,
