2,2,0,turn_on_light8_scene3,0,0.0,7.382999999999999,walk,bathroom297_scene3,
2,2,0,turn_on_light8_scene3,1,7.382999999999999,13.316999999999998,walk,lightswitch356_scene3,
2,2,0,turn_on_light8_scene3,2,13.316999999999998,19.113,switchOn,lightswitch356_scene3,
