2,2,0,turn_off_light8_scene6,0,0.0,6.209999999999999,walk,bathroom11_scene6,
2,2,0,turn_off_light8_scene6,1,6.209999999999999,10.901999999999997,walk,lightswitch68_scene6,
2,2,0,turn_off_light8_scene6,2,10.901999999999997,14.282999999999998,switchOff,lightswitch68_scene6,
2,2,0,turn_off_light8_scene6,3,14.282999999999998,18.974999999999998,walk,bedroom70_scene6,
