2,2,0,use_toilet1_scene1,0,0.0,7.382999999999999,walk,bathroom11_scene1,
2,2,0,use_toilet1_scene1,1,7.382999999999999,12.350999999999999,walk,toilet46_scene1,
2,2,0,use_toilet1_scene1,1,12.350999999999999,17.319,walk,toilet46_scene1,
2,2,0,use_toilet1_scene1,2,17.319,28.427999999999997,sit,toilet46_scene1,
2,2,0,use_toilet1_scene1,2,28.427999999999997,39.537,sit,toilet46_scene1,
2,2,0,use_toilet1_scene1,3,39.537,45.678,ActionXXX3,,
