2,2,0,walk_with_memory_loss7_scene5,0,0.0,6.623999999999999,walk,bedroom231_scene5,
2,2,0,walk_with_memory_loss7_scene5,1,6.623999999999999,10.970999999999998,ActionXXX1,bed293_scene5,
2,2,0,walk_with_memory_loss7_scene5,2,10.970999999999998,15.938999999999998,walk,pillow252_scene5,
2,2,0,walk_with_memory_loss7_scene5,3,15.938999999999998,22.769999999999996,walk,bed293_scene5,
