2,2,0,walk_with_memory_loss6_scene1,0,0.0,9.107999999999999,walk,livingroom342_scene1,
2,2,0,walk_with_memory_loss6_scene1,1,9.107999999999999,15.386999999999997,walk,sofa375_scene1,
2,2,0,walk_with_memory_loss6_scene1,2,15.386999999999997,21.872999999999998,walk,tv433_scene1,
2,2,0,walk_with_memory_loss6_scene1,3,21.872999999999998,31.325999999999997,walk,sofa375_scene1,
