2,2,0,walk_with_memory_loss6_scene3,0,0.0,10.142999999999999,walk,livingroom194_scene3,
2,2,0,walk_with_memory_loss6_scene3,1,10.142999999999999,15.248999999999999,walk,sofa224_scene3,
2,2,0,walk_with_memory_loss6_scene3,2,15.248999999999999,24.218999999999998,walk,tv249_scene3,
2,2,0,walk_with_memory_loss6_scene3,3,24.218999999999998,33.464999999999996,walk,sofa224_scene3,
