2,2,0,walk_with_memory_loss5_scene1,0,0.0,8.831999999999999,walk,kitchen209_scene1,
2,2,0,walk_with_memory_loss5_scene1,1,8.831999999999999,15.455999999999998,walk,kitchentable233_scene1,
2,2,0,walk_with_memory_loss5_scene1,2,15.455999999999998,23.942999999999998,walk,fridge308_scene1,
2,2,0,walk_with_memory_loss5_scene1,3,23.942999999999998,31.325999999999997,walk,kitchentable233_scene1,
