2,2,0,walk_with_memory_loss7_scene4,0,0.0,5.726999999999999,walk,bedroom216_scene4,
2,2,0,walk_with_memory_loss7_scene4,1,5.726999999999999,10.556999999999999,ActionXXX1,bed221_scene4,
2,2,0,walk_with_memory_loss7_scene4,2,10.556999999999999,14.420999999999998,ActionXXX2,pillow259_scene4,
2,2,0,walk_with_memory_loss7_scene4,3,14.420999999999998,15.938999999999998,walk,bed221_scene4,
