2,2,0,walk_with_memory_loss6_scene2,0,0.0,11.384999999999998,walk,livingroom274_scene2,
2,2,0,walk_with_memory_loss6_scene2,1,11.384999999999998,19.733999999999995,walk,sofa301_scene2,
2,2,0,walk_with_memory_loss6_scene2,2,19.733999999999995,27.254999999999995,walk,tv313_scene2,
2,2,0,walk_with_memory_loss6_scene2,3,27.254999999999995,34.086,walk,sofa301_scene2,
