2,2,2,clean_fridge1_scene7,0,0.0,4.899,walk,fridge168_scene7,
2,2,2,clean_fridge1_scene7,1,4.899,12.902999999999999,ActionXXX1,MainObjectXXX1,
2,2,2,clean_fridge1_scene7,2,12.902999999999999,16.008,ActionXXX2,MainObjectXXX2,
2,2,2,clean_fridge1_scene7,3,16.008,23.942999999999998,walk,fridge168_scene7,
2,2,2,clean_fridge1_scene7,4,23.942999999999998,27.254999999999995,open,fridge168_scene7,
2,2,2,clean_fridge1_scene7,5,27.254999999999995,46.022999999999996,wipe,MainObjectXXX5,fridge168_scene7
2,2,2,clean_fridge1_scene7,6,46.022999999999996,49.334999999999994,close,fridge168_scene7,
2,2,2,clean_fridge1_scene7,7,49.334999999999994,69.0,wipe,washingsponge114_scene7,fridge168_scene7
