2,2,2,do_work_on_computer1_scene3,0,0.0,9.659999999999998,walk,MainObjectXXX0,
2,2,2,do_work_on_computer1_scene3,1,9.659999999999998,13.040999999999999,switchOn,computer410_scene3,
2,2,2,do_work_on_computer1_scene3,2,13.040999999999999,21.735,sit,chair405_scene3,
2,2,2,do_work_on_computer1_scene3,3,21.735,41.123999999999995,ActionXXX3,keyboard413_scene3,
2,2,2,do_work_on_computer1_scene3,4,41.123999999999995,46.367999999999995,stand,,
2,2,2,do_work_on_computer1_scene3,5,46.367999999999995,46.367999999999995,walk,kitchen11_scene3,
