2,2,2,fall_in_bathroom1_scene3,0,0.0,8.348999999999998,walk,MainObjectXXX0,
2,2,2,fall_in_bathroom1_scene3,1,8.348999999999998,13.247999999999998,walk,MainObjectXXX1,
2,2,2,fall_in_bathroom1_scene3,2,13.247999999999998,16.559999999999995,close,door317_scene3,
2,2,2,fall_in_bathroom1_scene3,3,16.559999999999995,19.595999999999997,walk,toilet333_scene3,
2,2,2,fall_in_bathroom1_scene3,3,19.595999999999997,22.631999999999998,walk,toilet333_scene3,
2,2,2,fall_in_bathroom1_scene3,4,22.631999999999998,30.153,sit,toilet333_scene3,
2,2,2,fall_in_bathroom1_scene3,4,30.153,37.674,sit,toilet333_scene3,
2,2,2,fall_in_bathroom1_scene3,5,37.674,44.919,stand,,
2,2,2,fall_in_bathroom1_scene3,6,44.919,52.647,fall,,
