2,2,2,fold_clothesshirt1_scene1,0,0.0,6.278999999999999,walk,closet115_scene1,
2,2,2,fold_clothesshirt1_scene1,1,6.278999999999999,13.937999999999999,grab,MainObjectXXX1,
2,2,2,fold_clothesshirt1_scene1,2,13.937999999999999,23.321999999999996,walk,bed112_scene1,
2,2,2,fold_clothesshirt1_scene1,3,23.321999999999996,37.949999999999996,shake,MainObjectXXX3,
2,2,2,fold_clothesshirt1_scene1,4,37.949999999999996,50.163,fold,,
2,2,2,fold_clothesshirt1_scene1,5,50.163,53.199,ActionXXX5,MainObjectXXX5,bed112_scene1
