2,2,2,fold_clothesshirt1_scene5,0,0.0,4.760999999999999,walk,closet274_scene5,
2,2,2,fold_clothesshirt1_scene5,1,4.760999999999999,7.865999999999999,grab,clothesshirt278_scene5,
2,2,2,fold_clothesshirt1_scene5,2,7.865999999999999,12.281999999999998,walk,bed293_scene5,
2,2,2,fold_clothesshirt1_scene5,3,12.281999999999998,25.598999999999997,shake,clothesshirt278_scene5,
2,2,2,fold_clothesshirt1_scene5,4,25.598999999999997,34.63799999999999,fold,,
2,2,2,fold_clothesshirt1_scene5,5,34.63799999999999,37.67399999999999,put,MainObjectXXX5,bed293_scene5
