2,2,2,go_to_sleep1_scene6,0,0.0,7.313999999999999,ActionXXX0,bedroom70_scene6,
2,2,2,go_to_sleep1_scene6,1,7.313999999999999,13.247999999999998,walk,MainObjectXXX1,
2,2,2,go_to_sleep1_scene6,2,13.247999999999998,20.009999999999998,switchOff,lightswitch109_scene6,
2,2,2,go_to_sleep1_scene6,3,20.009999999999998,27.806999999999995,walk,bed104_scene6,
2,2,2,go_to_sleep1_scene6,4,27.806999999999995,37.12199999999999,ActionXXX4,bed104_scene6,
