2,2,2,legopp1_scene3,0,0.0,8.211,walk,bedroom358_scene3,
2,2,2,legopp1_scene3,1,8.211,17.387999999999998,walk,kitchen11_scene3,
2,2,2,legopp1_scene3,2,17.387999999999998,28.013999999999996,walk,livingroom194_scene3,
2,2,2,legopp1_scene3,3,28.013999999999996,47.26499999999999,ActionXXX3,,
2,2,2,legopp1_scene3,4,47.26499999999999,67.827,legopp,,
2,2,2,legopp1_scene3,5,67.827,88.389,legopp,,
