2,2,2,pick_up_dirty_fork1_scene5,0,0.0,6.002999999999999,walk,cutleryfork200_scene5,
2,2,2,pick_up_dirty_fork1_scene5,1,6.002999999999999,9.107999999999999,grab,cutleryfork200_scene5,
2,2,2,pick_up_dirty_fork1_scene5,2,9.107999999999999,12.626999999999999,ActionXXX2,sink152_scene5,
2,2,2,pick_up_dirty_fork1_scene5,3,12.626999999999999,15.662999999999998,put,MainObjectXXX3,sink152_scene5
