2,2,2,pick_up_dirty_knife1_scene2,0,0.0,5.6579999999999995,ActionXXX0,cutleryknife85_scene2,
2,2,2,pick_up_dirty_knife1_scene2,1,5.6579999999999995,8.762999999999998,grab,cutleryknife85_scene2,
2,2,2,pick_up_dirty_knife1_scene2,2,8.762999999999998,12.281999999999998,walk,sink149_scene2,
2,2,2,pick_up_dirty_knife1_scene2,3,12.281999999999998,15.317999999999998,put,cutleryknife85_scene2,sink149_scene2
