2,2,2,place_wine1_scene4,0,0.0,5.6579999999999995,walk,MainObjectXXX0,
2,2,2,place_wine1_scene4,1,5.6579999999999995,8.762999999999998,grab,MainObjectXXX1,
2,2,2,place_wine1_scene4,2,8.762999999999998,12.626999999999997,walk,kitchentable76_scene4,
2,2,2,place_wine1_scene4,3,12.626999999999997,15.662999999999997,put,wine378_scene4,kitchentable76_scene4
