2,2,2,put_groceries_in_fridge15_scene6,0,0.0,9.038999999999998,walk,cereal246_scene6,
2,2,2,put_groceries_in_fridge15_scene6,1,9.038999999999998,12.143999999999998,grab,cereal246_scene6,
2,2,2,put_groceries_in_fridge15_scene6,2,12.143999999999998,17.939999999999998,ActionXXX2,fridge240_scene6,
2,2,2,put_groceries_in_fridge15_scene6,3,17.939999999999998,21.251999999999995,open,fridge240_scene6,
2,2,2,put_groceries_in_fridge15_scene6,4,21.251999999999995,21.251999999999995,turnTo,fridge240_scene6,
2,2,2,put_groceries_in_fridge15_scene6,5,21.251999999999995,24.287999999999997,putIn,cereal246_scene6,fridge240_scene6
2,2,2,put_groceries_in_fridge15_scene6,6,24.287999999999997,27.599999999999994,close,MainObjectXXX6,
