2,2,2,put_groceries_in_fridge20_scene1,0,0.0,7.313999999999999,walk,creamybuns338_scene1,
2,2,2,put_groceries_in_fridge20_scene1,1,7.313999999999999,10.418999999999999,ActionXXX1,creamybuns338_scene1,
2,2,2,put_groceries_in_fridge20_scene1,2,10.418999999999999,19.043999999999997,ActionXXX2,fridge308_scene1,
2,2,2,put_groceries_in_fridge20_scene1,3,19.043999999999997,22.355999999999995,open,fridge308_scene1,
2,2,2,put_groceries_in_fridge20_scene1,4,22.355999999999995,22.355999999999995,ActionXXX4,MainObjectXXX4,
2,2,2,put_groceries_in_fridge20_scene1,5,22.355999999999995,25.391999999999996,ActionXXX5,MainObjectXXX5,fridge308_scene1
2,2,2,put_groceries_in_fridge20_scene1,6,25.391999999999996,28.703999999999994,close,fridge308_scene1,
