2,2,2,put_groceries_in_fridge20_scene7,0,0.0,5.864999999999999,ActionXXX0,creamybuns195_scene7,
2,2,2,put_groceries_in_fridge20_scene7,1,5.864999999999999,8.969999999999999,ActionXXX1,creamybuns195_scene7,
2,2,2,put_groceries_in_fridge20_scene7,2,8.969999999999999,19.181999999999995,walk,fridge168_scene7,
2,2,2,put_groceries_in_fridge20_scene7,3,19.181999999999995,22.493999999999993,open,fridge168_scene7,
2,2,2,put_groceries_in_fridge20_scene7,4,22.493999999999993,22.493999999999993,turnTo,MainObjectXXX4,
2,2,2,put_groceries_in_fridge20_scene7,5,22.493999999999993,25.529999999999994,putIn,MainObjectXXX5,fridge168_scene7
2,2,2,put_groceries_in_fridge20_scene7,6,25.529999999999994,28.84199999999999,ActionXXX6,MainObjectXXX6,
