2,2,2,relax_on_sofa1_scene5,0,0.0,6.8999999999999995,walk,livingroom11_scene5,
2,2,2,relax_on_sofa1_scene5,1,6.8999999999999995,8.969999999999999,walk,sofa25_scene5,
2,2,2,relax_on_sofa1_scene5,2,8.969999999999999,20.147999999999996,sit,sofa25_scene5,
