2,2,2,relax_on_bed1_scene3,0,0.0,10.142999999999999,ActionXXX0,kitchen11_scene3,
2,2,2,relax_on_bed1_scene3,1,10.142999999999999,19.181999999999995,walk,MainObjectXXX1,
2,2,2,relax_on_bed1_scene3,2,19.181999999999995,21.320999999999994,walk,bed407_scene3,
2,2,2,relax_on_bed1_scene3,3,21.320999999999994,29.669999999999995,sit,MainObjectXXX3,
