2,2,2,squats1_scene5,0,0.0,7.796999999999999,walk,livingroom11_scene5,
2,2,2,squats1_scene5,1,7.796999999999999,13.178999999999998,ActionXXX1,,
2,2,2,squats1_scene5,2,13.178999999999998,19.043999999999997,squat,,
2,2,2,squats1_scene5,3,19.043999999999997,24.839999999999996,ActionXXX3,,
