2,2,2,squat_jumps1_scene1,0,0.0,9.729000000000001,ActionXXX0,bedroom75_scene1,
2,2,2,squat_jumps1_scene1,1,9.729000000000001,18.285000000000004,walk,kitchen209_scene1,
2,2,2,squat_jumps1_scene1,2,18.285000000000004,30.360000000000003,walk,livingroom342_scene1,
2,2,2,squat_jumps1_scene1,3,30.360000000000003,34.569,squat,,
2,2,2,squat_jumps1_scene1,4,34.569,43.746,ActionXXX4,,
2,2,2,squat_jumps1_scene1,5,43.746,48.921,squat,,
2,2,2,squat_jumps1_scene1,6,48.921,58.028999999999996,jump,,
2,2,2,squat_jumps1_scene1,7,58.028999999999996,63.20399999999999,squat,,
2,2,2,squat_jumps1_scene1,8,63.20399999999999,72.44999999999999,jump,,
