2,2,2,turn_off_light5_scene2,0,0.0,8.693999999999999,walk,lightswitch82_scene2,
2,2,2,turn_off_light5_scene2,1,8.693999999999999,15.248999999999999,switchOff,lightswitch82_scene2,
2,2,2,turn_off_light5_scene2,2,15.248999999999999,30.014999999999997,walk,livingroom274_scene2,
