2,2,2,turn_off_light5_scene1,0,0.0,7.451999999999999,walk,MainObjectXXX0,
2,2,2,turn_off_light5_scene1,1,7.451999999999999,14.006999999999998,switchOff,lightswitch263_scene1,
2,2,2,turn_off_light5_scene1,2,14.006999999999998,24.977999999999998,walk,livingroom342_scene1,
