2,2,2,turn_on_light8_scene5,0,0.0,8.901,walk,kitchen112_scene5,
2,2,2,turn_on_light8_scene5,1,8.901,15.524999999999999,walk,livingroom11_scene5,
2,2,2,turn_on_light8_scene5,2,15.524999999999999,22.976999999999997,walk,MainObjectXXX2,
2,2,2,turn_on_light8_scene5,3,22.976999999999997,28.565999999999995,walk,door309_scene5,
2,2,2,turn_on_light8_scene5,4,28.565999999999995,31.877999999999993,close,MainObjectXXX4,
2,2,2,turn_on_light8_scene5,5,31.877999999999993,35.39699999999999,walk,MainObjectXXX5,
2,2,2,turn_on_light8_scene5,6,35.39699999999999,41.74499999999999,switchOn,lightswitch385_scene5,
