2,2,2,use_toilet1_scene3,0,0.0,9.659999999999998,walk,bathroom297_scene3,
2,2,2,use_toilet1_scene3,1,9.659999999999998,14.144999999999998,ActionXXX1,toilet333_scene3,
2,2,2,use_toilet1_scene3,1,14.144999999999998,18.629999999999995,ActionXXX1,toilet333_scene3,
2,2,2,use_toilet1_scene3,2,18.629999999999995,27.254999999999995,sit,toilet333_scene3,
2,2,2,use_toilet1_scene3,2,27.254999999999995,35.879999999999995,sit,toilet333_scene3,
2,2,2,use_toilet1_scene3,3,35.879999999999995,42.020999999999994,stand,,
