5,5,5,admire_art1_scene3,0,0.0,9.315,walk,MainObjectXXX0,
5,5,5,admire_art1_scene3,1,9.315,20.147999999999996,walk,livingroom194_scene3,
5,5,5,admire_art1_scene3,2,20.147999999999996,25.529999999999994,walk,MainObjectXXX2,
5,5,5,admire_art1_scene3,3,25.529999999999994,25.529999999999994,turnTo,MainObjectXXX3,
5,5,5,admire_art1_scene3,4,25.529999999999994,25.529999999999994,ActionXXX4,MainObjectXXX4,
