5,5,5,eat_breadslice1_scene6,0,0.0,7.106999999999999,walk,MainObjectXXX0,
5,5,5,eat_breadslice1_scene6,1,7.106999999999999,18.284999999999997,ActionXXX1,MainObjectXXX1,
5,5,5,eat_breadslice1_scene6,2,18.284999999999997,21.872999999999998,ActionXXX2,MainObjectXXX2,
5,5,5,eat_breadslice1_scene6,3,21.872999999999998,24.977999999999998,ActionXXX3,breadslice238_scene6,
5,5,5,eat_breadslice1_scene6,4,24.977999999999998,36.501,eat,breadslice238_scene6,
