5,5,5,fall_in_bathroom1_scene3,0,0.0,8.348999999999998,ActionXXX0,bathroom297_scene3,
5,5,5,fall_in_bathroom1_scene3,1,8.348999999999998,13.247999999999998,walk,door317_scene3,
5,5,5,fall_in_bathroom1_scene3,2,13.247999999999998,16.559999999999995,ActionXXX2,door317_scene3,
5,5,5,fall_in_bathroom1_scene3,3,16.559999999999995,19.595999999999997,walk,MainObjectXXX3,
5,5,5,fall_in_bathroom1_scene3,4,19.595999999999997,27.116999999999997,ActionXXX4,MainObjectXXX4,
5,5,5,fall_in_bathroom1_scene3,4,27.116999999999997,34.638,ActionXXX4,MainObjectXXX4,
5,5,5,fall_in_bathroom1_scene3,5,34.638,41.882999999999996,ActionXXX5,,
5,5,5,fall_in_bathroom1_scene3,6,41.882999999999996,49.611,fall,,
