5,5,5,fall_while_preparing_meal1_scene5,0,0.0,6.209999999999999,ActionXXX0,fryingpan197_scene5,
5,5,5,fall_while_preparing_meal1_scene5,1,6.209999999999999,9.314999999999998,grab,fryingpan197_scene5,
5,5,5,fall_while_preparing_meal1_scene5,2,9.314999999999998,14.627999999999997,ActionXXX2,chicken216_scene5,
5,5,5,fall_while_preparing_meal1_scene5,3,14.627999999999997,17.732999999999997,ActionXXX3,MainObjectXXX3,
5,5,5,fall_while_preparing_meal1_scene5,4,17.732999999999997,21.803999999999995,ActionXXX4,sink152_scene5,
5,5,5,fall_while_preparing_meal1_scene5,5,21.803999999999995,24.908999999999995,turnTo,MainObjectXXX5,
5,5,5,fall_while_preparing_meal1_scene5,6,24.908999999999995,29.807999999999996,fall,,
