5,5,5,fold_clothespile1_scene5,0,0.0,3.8639999999999994,walk,clothespile285_scene5,
5,5,5,fold_clothespile1_scene5,1,3.8639999999999994,6.968999999999999,grab,MainObjectXXX1,
5,5,5,fold_clothespile1_scene5,2,6.968999999999999,12.902999999999999,walk,bed293_scene5,
5,5,5,fold_clothespile1_scene5,3,12.902999999999999,27.668999999999997,ActionXXX3,MainObjectXXX3,
5,5,5,fold_clothespile1_scene5,4,27.668999999999997,40.709999999999994,ActionXXX4,,
5,5,5,fold_clothespile1_scene5,5,40.709999999999994,43.745999999999995,put,clothespile285_scene5,bed293_scene5
