5,5,5,get_out_of_bed1_scene6,0,0.0,5.313,walk,MainObjectXXX0,
5,5,5,get_out_of_bed1_scene6,1,5.313,11.591999999999999,ActionXXX1,MainObjectXXX1,
5,5,5,get_out_of_bed1_scene6,2,11.591999999999999,17.732999999999997,stand,,
5,5,5,get_out_of_bed1_scene6,3,17.732999999999997,22.976999999999997,walk,pillow117_scene6,
5,5,5,get_out_of_bed1_scene6,4,22.976999999999997,26.081999999999997,ActionXXX4,MainObjectXXX4,
5,5,5,get_out_of_bed1_scene6,5,26.081999999999997,32.913,put,pillow117_scene6,
5,5,5,get_out_of_bed1_scene6,6,32.913,41.330999999999996,walk,MainObjectXXX6,
5,5,5,get_out_of_bed1_scene6,7,41.330999999999996,44.711999999999996,switchOn,MainObjectXXX7,
5,5,5,get_out_of_bed1_scene6,8,44.711999999999996,49.473,ActionXXX8,MainObjectXXX8,
