5,5,5,legopp1_scene6,0,0.0,7.382999999999999,ActionXXX0,bedroom70_scene6,
5,5,5,legopp1_scene6,1,7.382999999999999,15.939,walk,MainObjectXXX1,
5,5,5,legopp1_scene6,2,15.939,36.846,legopp,,
5,5,5,legopp1_scene6,3,36.846,57.47699999999999,ActionXXX3,,
5,5,5,legopp1_scene6,4,57.47699999999999,78.03899999999999,ActionXXX4,,
