5,5,5,legopp1_scene3,0,0.0,8.211,walk,bedroom358_scene3,
5,5,5,legopp1_scene3,1,8.211,17.387999999999998,walk,MainObjectXXX1,
5,5,5,legopp1_scene3,2,17.387999999999998,28.013999999999996,walk,MainObjectXXX2,
5,5,5,legopp1_scene3,3,28.013999999999996,47.26499999999999,legopp,,
5,5,5,legopp1_scene3,4,47.26499999999999,67.827,legopp,,
5,5,5,legopp1_scene3,5,67.827,88.389,legopp,,
