5,5,5,place_fork1_scene7,0,0.0,7.037999999999999,walk,MainObjectXXX0,
5,5,5,place_fork1_scene7,1,7.037999999999999,10.142999999999999,ActionXXX1,cutleryfork123_scene7,
5,5,5,place_fork1_scene7,2,10.142999999999999,17.525999999999996,ActionXXX2,MainObjectXXX2,
5,5,5,place_fork1_scene7,3,17.525999999999996,23.459999999999994,ActionXXX3,MainObjectXXX3,kitchentable133_scene7
