5,5,5,put_groceries_in_fridge15_scene6,0,0.0,9.038999999999998,walk,MainObjectXXX0,
5,5,5,put_groceries_in_fridge15_scene6,1,9.038999999999998,12.143999999999998,ActionXXX1,cereal246_scene6,
5,5,5,put_groceries_in_fridge15_scene6,2,12.143999999999998,17.939999999999998,ActionXXX2,fridge240_scene6,
5,5,5,put_groceries_in_fridge15_scene6,3,17.939999999999998,21.251999999999995,open,fridge240_scene6,
5,5,5,put_groceries_in_fridge15_scene6,4,21.251999999999995,21.251999999999995,ActionXXX4,fridge240_scene6,
5,5,5,put_groceries_in_fridge15_scene6,5,21.251999999999995,24.287999999999997,ActionXXX5,MainObjectXXX5,fridge240_scene6
5,5,5,put_groceries_in_fridge15_scene6,6,24.287999999999997,27.599999999999994,close,MainObjectXXX6,
