5,5,5,relax_on_bed1_scene5,0,0.0,8.348999999999998,walk,MainObjectXXX0,
5,5,5,relax_on_bed1_scene5,1,8.348999999999998,15.800999999999998,ActionXXX1,MainObjectXXX1,
5,5,5,relax_on_bed1_scene5,2,15.800999999999998,17.595,walk,bed293_scene5,
5,5,5,relax_on_bed1_scene5,3,17.595,25.253999999999998,sit,bed293_scene5,
