5,5,5,rinse_toothbrush1_scene5,0,0.0,9.659999999999998,ActionXXX0,toothbrush371_scene5,
5,5,5,rinse_toothbrush1_scene5,1,9.659999999999998,12.764999999999997,ActionXXX1,MainObjectXXX1,
5,5,5,rinse_toothbrush1_scene5,2,12.764999999999997,14.558999999999997,walk,faucet319_scene5,
5,5,5,rinse_toothbrush1_scene5,3,14.558999999999997,17.939999999999998,ActionXXX3,faucet319_scene5,
5,5,5,rinse_toothbrush1_scene5,4,17.939999999999998,32.843999999999994,soak,toothbrush371_scene5,
5,5,5,rinse_toothbrush1_scene5,5,32.843999999999994,49.26599999999999,rinse,MainObjectXXX5,
5,5,5,rinse_toothbrush1_scene5,6,49.26599999999999,52.715999999999994,ActionXXX6,faucet319_scene5,
5,5,5,rinse_toothbrush1_scene5,7,52.715999999999994,60.029999999999994,put,MainObjectXXX7,
