5,5,5,squat_jumps1_scene3,0,0.0,9.866999999999999,ActionXXX0,bedroom358_scene3,
5,5,5,squat_jumps1_scene3,1,9.866999999999999,18.974999999999998,walk,kitchen11_scene3,
5,5,5,squat_jumps1_scene3,2,18.974999999999998,29.738999999999997,walk,livingroom194_scene3,
5,5,5,squat_jumps1_scene3,3,29.738999999999997,35.259,squat,,
5,5,5,squat_jumps1_scene3,4,35.259,44.367,ActionXXX4,,
5,5,5,squat_jumps1_scene3,5,44.367,49.541999999999994,ActionXXX5,,
5,5,5,squat_jumps1_scene3,6,49.541999999999994,58.64999999999999,jump,,
5,5,5,squat_jumps1_scene3,7,58.64999999999999,63.82499999999999,squat,,
5,5,5,squat_jumps1_scene3,8,63.82499999999999,73.00199999999998,ActionXXX8,,
