5,5,5,squats1_scene3,0,0.0,8.28,ActionXXX0,bedroom358_scene3,
5,5,5,squats1_scene3,1,8.28,17.595,ActionXXX1,kitchen11_scene3,
5,5,5,squats1_scene3,2,17.595,28.358999999999998,ActionXXX2,livingroom194_scene3,
5,5,5,squats1_scene3,3,28.358999999999998,34.086,squat,,
5,5,5,squats1_scene3,4,34.086,39.812999999999995,squat,,
5,5,5,squats1_scene3,5,39.812999999999995,45.53999999999999,squat,,
