5,5,5,turn_on_light6_scene6,0,0.0,8.072999999999999,walk,livingroom260_scene6,
5,5,5,turn_on_light6_scene6,1,8.072999999999999,13.316999999999998,walk,lightswitch328_scene6,
5,5,5,turn_on_light6_scene6,2,13.316999999999998,16.697999999999997,ActionXXX2,lightswitch328_scene6,
