5,5,5,turn_off_light5_scene6,0,0.0,2.5529999999999995,ActionXXX0,MainObjectXXX0,
5,5,5,turn_off_light5_scene6,1,2.5529999999999995,5.933999999999999,ActionXXX1,MainObjectXXX1,
5,5,5,turn_off_light5_scene6,2,5.933999999999999,16.973999999999997,walk,MainObjectXXX2,
5,5,5,turn_off_light5_scene6,3,16.973999999999997,25.391999999999996,walk,MainObjectXXX3,
