5,5,5,turn_off_light5_scene2,0,0.0,8.693999999999999,walk,lightswitch82_scene2,
5,5,5,turn_off_light5_scene2,1,8.693999999999999,15.248999999999999,switchOff,MainObjectXXX1,
5,5,5,turn_off_light5_scene2,2,15.248999999999999,30.014999999999997,walk,MainObjectXXX2,
