5,5,5,walk_with_memory_loss7_scene6,0,0.0,11.246999999999998,walk,bedroom70_scene6,
5,5,5,walk_with_memory_loss7_scene6,1,11.246999999999998,19.043999999999997,walk,bed104_scene6,
5,5,5,walk_with_memory_loss7_scene6,2,19.043999999999997,21.872999999999998,walk,MainObjectXXX2,
5,5,5,walk_with_memory_loss7_scene6,3,21.872999999999998,22.217999999999996,walk,bed104_scene6,
