5,5,5,walk_with_memory_loss7_scene5,0,0.0,6.623999999999999,walk,MainObjectXXX0,
5,5,5,walk_with_memory_loss7_scene5,1,6.623999999999999,10.970999999999998,walk,MainObjectXXX1,
5,5,5,walk_with_memory_loss7_scene5,2,10.970999999999998,15.938999999999998,ActionXXX2,pillow252_scene5,
5,5,5,walk_with_memory_loss7_scene5,3,15.938999999999998,22.769999999999996,ActionXXX3,bed293_scene5,
