5,5,5,walk_with_memory_loss7_scene2,0,0.0,7.106999999999999,walk,bedroom197_scene2,
5,5,5,walk_with_memory_loss7_scene2,1,7.106999999999999,13.178999999999998,walk,bed231_scene2,
5,5,5,walk_with_memory_loss7_scene2,2,13.178999999999998,21.044999999999998,walk,MainObjectXXX2,
5,5,5,walk_with_memory_loss7_scene2,3,21.044999999999998,28.772999999999996,ActionXXX3,MainObjectXXX3,
