10,10,10,admire_art1_scene5,0,0.0,8.348999999999998,ActionXXX0,MainObjectXXX0,
10,10,10,admire_art1_scene5,1,8.348999999999998,14.765999999999998,ActionXXX1,MainObjectXXX1,
10,10,10,admire_art1_scene5,2,14.765999999999998,19.871999999999996,ActionXXX2,MainObjectXXX2,
10,10,10,admire_art1_scene5,3,19.871999999999996,19.871999999999996,ActionXXX3,MainObjectXXX3,
10,10,10,admire_art1_scene5,4,19.871999999999996,19.871999999999996,ActionXXX4,MainObjectXXX4,
