10,10,10,clean_fridge1_scene5,0,0.0,5.864999999999999,ActionXXX0,MainObjectXXX0,
10,10,10,clean_fridge1_scene5,1,5.864999999999999,10.625999999999998,ActionXXX1,MainObjectXXX1,
10,10,10,clean_fridge1_scene5,2,10.625999999999998,13.730999999999998,ActionXXX2,MainObjectXXX2,
10,10,10,clean_fridge1_scene5,3,13.730999999999998,18.698999999999998,ActionXXX3,MainObjectXXX3,
10,10,10,clean_fridge1_scene5,4,18.698999999999998,22.010999999999996,ActionXXX4,MainObjectXXX4,
10,10,10,clean_fridge1_scene5,5,22.010999999999996,40.157999999999994,ActionXXX5,MainObjectXXX5,TargetObjectXXX5
10,10,10,clean_fridge1_scene5,6,40.157999999999994,43.46999999999999,ActionXXX6,MainObjectXXX6,
10,10,10,clean_fridge1_scene5,7,43.46999999999999,63.06599999999999,ActionXXX7,MainObjectXXX7,TargetObjectXXX7
