10,10,10,clean_stove1_scene2,0,0.0,8.004,ActionXXX0,MainObjectXXX0,
10,10,10,clean_stove1_scene2,1,8.004,14.558999999999997,ActionXXX1,MainObjectXXX1,
10,10,10,clean_stove1_scene2,2,14.558999999999997,17.663999999999998,ActionXXX2,MainObjectXXX2,
10,10,10,clean_stove1_scene2,3,17.663999999999998,23.528999999999996,ActionXXX3,MainObjectXXX3,
10,10,10,clean_stove1_scene2,4,23.528999999999996,23.528999999999996,ActionXXX4,MainObjectXXX4,
10,10,10,clean_stove1_scene2,5,23.528999999999996,42.227999999999994,ActionXXX5,MainObjectXXX5,TargetObjectXXX5
