10,10,10,do_work_on_computer1_scene3,0,0.0,9.659999999999998,ActionXXX0,MainObjectXXX0,
10,10,10,do_work_on_computer1_scene3,1,9.659999999999998,13.040999999999999,ActionXXX1,MainObjectXXX1,
10,10,10,do_work_on_computer1_scene3,2,13.040999999999999,21.735,ActionXXX2,MainObjectXXX2,
10,10,10,do_work_on_computer1_scene3,3,21.735,41.123999999999995,ActionXXX3,MainObjectXXX3,
10,10,10,do_work_on_computer1_scene3,4,41.123999999999995,46.367999999999995,ActionXXX4,,
10,10,10,do_work_on_computer1_scene3,5,46.367999999999995,46.367999999999995,ActionXXX5,MainObjectXXX5,
