10,10,10,eat_cupcake1_scene3,0,0.0,9.383999999999999,ActionXXX0,MainObjectXXX0,
10,10,10,eat_cupcake1_scene3,1,9.383999999999999,18.767999999999997,ActionXXX1,MainObjectXXX1,
10,10,10,eat_cupcake1_scene3,2,18.767999999999997,24.011999999999997,ActionXXX2,MainObjectXXX2,
10,10,10,eat_cupcake1_scene3,3,24.011999999999997,27.116999999999997,ActionXXX3,MainObjectXXX3,
10,10,10,eat_cupcake1_scene3,4,27.116999999999997,39.53699999999999,ActionXXX4,MainObjectXXX4,
10,10,10,eat_cupcake1_scene3,5,39.53699999999999,43.46999999999999,ActionXXX5,MainObjectXXX5,
10,10,10,eat_cupcake1_scene3,6,43.46999999999999,50.78399999999999,ActionXXX6,MainObjectXXX6,
10,10,10,eat_cupcake1_scene3,7,50.78399999999999,61.06499999999999,ActionXXX7,MainObjectXXX7,
