10,10,10,eat_breadslice1_scene5,0,0.0,7.796999999999999,ActionXXX0,MainObjectXXX0,
10,10,10,eat_breadslice1_scene5,1,7.796999999999999,14.213999999999999,ActionXXX1,MainObjectXXX1,
10,10,10,eat_breadslice1_scene5,2,14.213999999999999,20.354999999999997,ActionXXX2,MainObjectXXX2,
10,10,10,eat_breadslice1_scene5,3,20.354999999999997,23.459999999999997,ActionXXX3,MainObjectXXX3,
10,10,10,eat_breadslice1_scene5,4,23.459999999999997,33.327,ActionXXX4,MainObjectXXX4,
