10,10,10,eat_breadslice1_scene6,0,0.0,7.106999999999999,ActionXXX0,MainObjectXXX0,
10,10,10,eat_breadslice1_scene6,1,7.106999999999999,18.284999999999997,ActionXXX1,MainObjectXXX1,
10,10,10,eat_breadslice1_scene6,2,18.284999999999997,21.872999999999998,ActionXXX2,MainObjectXXX2,
10,10,10,eat_breadslice1_scene6,3,21.872999999999998,24.977999999999998,ActionXXX3,MainObjectXXX3,
10,10,10,eat_breadslice1_scene6,4,24.977999999999998,36.501,ActionXXX4,MainObjectXXX4,
