10,10,10,fall_in_bathroom1_scene3,0,0.0,8.348999999999998,ActionXXX0,MainObjectXXX0,
10,10,10,fall_in_bathroom1_scene3,1,8.348999999999998,13.247999999999998,ActionXXX1,MainObjectXXX1,
10,10,10,fall_in_bathroom1_scene3,2,13.247999999999998,16.559999999999995,ActionXXX2,MainObjectXXX2,
10,10,10,fall_in_bathroom1_scene3,3,16.559999999999995,19.595999999999997,ActionXXX3,MainObjectXXX3,
10,10,10,fall_in_bathroom1_scene3,4,19.595999999999997,27.116999999999997,ActionXXX4,MainObjectXXX4,
10,10,10,fall_in_bathroom1_scene3,5,27.116999999999997,34.361999999999995,ActionXXX5,,
10,10,10,fall_in_bathroom1_scene3,6,34.361999999999995,42.089999999999996,ActionXXX6,,
