10,10,10,fall_while_preparing_meal1_scene5,0,0.0,6.209999999999999,ActionXXX0,MainObjectXXX0,
10,10,10,fall_while_preparing_meal1_scene5,1,6.209999999999999,9.314999999999998,ActionXXX1,MainObjectXXX1,
10,10,10,fall_while_preparing_meal1_scene5,2,9.314999999999998,14.627999999999997,ActionXXX2,MainObjectXXX2,
10,10,10,fall_while_preparing_meal1_scene5,3,14.627999999999997,17.732999999999997,ActionXXX3,MainObjectXXX3,
10,10,10,fall_while_preparing_meal1_scene5,4,17.732999999999997,21.803999999999995,ActionXXX4,MainObjectXXX4,
10,10,10,fall_while_preparing_meal1_scene5,5,21.803999999999995,24.908999999999995,ActionXXX5,MainObjectXXX5,
10,10,10,fall_while_preparing_meal1_scene5,6,24.908999999999995,29.807999999999996,ActionXXX6,,
