10,10,10,fold_clothespile1_scene5,0,0.0,3.8639999999999994,ActionXXX0,MainObjectXXX0,
10,10,10,fold_clothespile1_scene5,1,3.8639999999999994,6.968999999999999,ActionXXX1,MainObjectXXX1,
10,10,10,fold_clothespile1_scene5,2,6.968999999999999,12.902999999999999,ActionXXX2,MainObjectXXX2,
10,10,10,fold_clothespile1_scene5,3,12.902999999999999,27.668999999999997,ActionXXX3,MainObjectXXX3,
10,10,10,fold_clothespile1_scene5,4,27.668999999999997,40.709999999999994,ActionXXX4,,
10,10,10,fold_clothespile1_scene5,5,40.709999999999994,43.745999999999995,ActionXXX5,MainObjectXXX5,TargetObjectXXX5
