10,10,10,get_out_of_bed1_scene5,0,0.0,2.8289999999999997,ActionXXX0,MainObjectXXX0,
10,10,10,get_out_of_bed1_scene5,1,2.8289999999999997,11.936999999999998,ActionXXX1,MainObjectXXX1,
10,10,10,get_out_of_bed1_scene5,2,11.936999999999998,18.077999999999996,ActionXXX2,,
10,10,10,get_out_of_bed1_scene5,3,18.077999999999996,23.183999999999994,ActionXXX3,MainObjectXXX3,
10,10,10,get_out_of_bed1_scene5,4,23.183999999999994,26.288999999999994,ActionXXX4,MainObjectXXX4,
10,10,10,get_out_of_bed1_scene5,5,26.288999999999994,33.18899999999999,ActionXXX5,MainObjectXXX5,
10,10,10,get_out_of_bed1_scene5,6,33.18899999999999,38.157,ActionXXX6,MainObjectXXX6,
10,10,10,get_out_of_bed1_scene5,7,38.157,41.538,ActionXXX7,MainObjectXXX7,
10,10,10,get_out_of_bed1_scene5,8,41.538,56.58,ActionXXX8,MainObjectXXX8,
