10,10,10,go_to_sleep1_scene6,0,0.0,7.313999999999999,ActionXXX0,MainObjectXXX0,
10,10,10,go_to_sleep1_scene6,1,7.313999999999999,13.247999999999998,ActionXXX1,MainObjectXXX1,
10,10,10,go_to_sleep1_scene6,2,13.247999999999998,20.009999999999998,ActionXXX2,MainObjectXXX2,
10,10,10,go_to_sleep1_scene6,3,20.009999999999998,27.806999999999995,ActionXXX3,MainObjectXXX3,
10,10,10,go_to_sleep1_scene6,4,27.806999999999995,37.12199999999999,ActionXXX4,MainObjectXXX4,
