10,10,10,legopp1_scene1,0,0.0,8.969999999999999,ActionXXX0,MainObjectXXX0,
10,10,10,legopp1_scene1,1,8.969999999999999,17.663999999999998,ActionXXX1,MainObjectXXX1,
10,10,10,legopp1_scene1,2,17.663999999999998,29.945999999999998,ActionXXX2,MainObjectXXX2,
10,10,10,legopp1_scene1,3,29.945999999999998,51.54299999999999,ActionXXX3,,
10,10,10,legopp1_scene1,4,51.54299999999999,72.17399999999999,ActionXXX4,,
10,10,10,legopp1_scene1,5,72.17399999999999,92.73599999999999,ActionXXX5,,
