10,10,10,make_bed1_scene1,0,0.0,8.072999999999999,ActionXXX0,MainObjectXXX0,
10,10,10,make_bed1_scene1,1,8.072999999999999,10.970999999999998,ActionXXX1,MainObjectXXX1,
10,10,10,make_bed1_scene1,2,10.970999999999998,14.075999999999997,ActionXXX2,MainObjectXXX2,
10,10,10,make_bed1_scene1,3,14.075999999999997,24.839999999999996,ActionXXX3,MainObjectXXX3,
10,10,10,make_bed1_scene1,4,24.839999999999996,39.398999999999994,ActionXXX4,MainObjectXXX4,
10,10,10,make_bed1_scene1,5,39.398999999999994,45.53999999999999,ActionXXX5,MainObjectXXX5,
10,10,10,make_bed1_scene1,6,45.53999999999999,54.85499999999999,ActionXXX6,MainObjectXXX6,
