10,10,10,make_bed1_scene2,0,0.0,10.211999999999998,ActionXXX0,MainObjectXXX0,
10,10,10,make_bed1_scene2,1,10.211999999999998,19.319999999999997,ActionXXX1,MainObjectXXX1,
10,10,10,make_bed1_scene2,2,19.319999999999997,22.424999999999997,ActionXXX2,MainObjectXXX2,
10,10,10,make_bed1_scene2,3,22.424999999999997,33.18899999999999,ActionXXX3,MainObjectXXX3,
10,10,10,make_bed1_scene2,4,33.18899999999999,47.81699999999999,ActionXXX4,MainObjectXXX4,
10,10,10,make_bed1_scene2,5,47.81699999999999,54.16499999999999,ActionXXX5,MainObjectXXX5,
10,10,10,make_bed1_scene2,6,54.16499999999999,64.722,ActionXXX6,MainObjectXXX6,
