10,10,10,pick_up_dirty_fork1_scene5,0,0.0,6.002999999999999,ActionXXX0,MainObjectXXX0,
10,10,10,pick_up_dirty_fork1_scene5,1,6.002999999999999,9.107999999999999,ActionXXX1,MainObjectXXX1,
10,10,10,pick_up_dirty_fork1_scene5,2,9.107999999999999,12.626999999999999,ActionXXX2,MainObjectXXX2,
10,10,10,pick_up_dirty_fork1_scene5,3,12.626999999999999,15.662999999999998,ActionXXX3,MainObjectXXX3,TargetObjectXXX3
