10,10,10,place_plate1_scene3,0,0.0,4.691999999999999,ActionXXX0,MainObjectXXX0,
10,10,10,place_plate1_scene3,1,4.691999999999999,7.796999999999999,ActionXXX1,MainObjectXXX1,
10,10,10,place_plate1_scene3,2,7.796999999999999,16.145999999999997,ActionXXX2,MainObjectXXX2,
10,10,10,place_plate1_scene3,3,16.145999999999997,19.250999999999998,ActionXXX3,MainObjectXXX3,
10,10,10,place_plate1_scene3,4,19.250999999999998,24.839999999999996,ActionXXX4,MainObjectXXX4,
10,10,10,place_plate1_scene3,5,24.839999999999996,27.875999999999998,ActionXXX5,MainObjectXXX5,TargetObjectXXX5
10,10,10,place_plate1_scene3,6,27.875999999999998,30.912,ActionXXX6,MainObjectXXX6,TargetObjectXXX6
