10,10,10,place_fork1_scene7,0,0.0,7.037999999999999,ActionXXX0,MainObjectXXX0,
10,10,10,place_fork1_scene7,1,7.037999999999999,10.142999999999999,ActionXXX1,MainObjectXXX1,
10,10,10,place_fork1_scene7,2,10.142999999999999,17.525999999999996,ActionXXX2,MainObjectXXX2,
10,10,10,place_fork1_scene7,3,17.525999999999996,23.459999999999994,ActionXXX3,MainObjectXXX3,TargetObjectXXX3
