10,10,10,place_plate1_scene4,0,0.0,8.072999999999999,ActionXXX0,MainObjectXXX0,
10,10,10,place_plate1_scene4,1,8.072999999999999,11.177999999999997,ActionXXX1,MainObjectXXX1,
10,10,10,place_plate1_scene4,2,11.177999999999997,16.973999999999997,ActionXXX2,MainObjectXXX2,
10,10,10,place_plate1_scene4,3,16.973999999999997,20.078999999999997,ActionXXX3,MainObjectXXX3,
10,10,10,place_plate1_scene4,4,20.078999999999997,25.598999999999997,ActionXXX4,MainObjectXXX4,
10,10,10,place_plate1_scene4,5,25.598999999999997,28.634999999999998,ActionXXX5,MainObjectXXX5,TargetObjectXXX5
10,10,10,place_plate1_scene4,6,28.634999999999998,31.671,ActionXXX6,MainObjectXXX6,TargetObjectXXX6
