10,10,10,place_wine1_scene1,0,0.0,4.484999999999999,ActionXXX0,MainObjectXXX0,
10,10,10,place_wine1_scene1,1,4.484999999999999,7.589999999999999,ActionXXX1,MainObjectXXX1,
10,10,10,place_wine1_scene1,2,7.589999999999999,15.593999999999998,ActionXXX2,MainObjectXXX2,
10,10,10,place_wine1_scene1,3,15.593999999999998,18.63,ActionXXX3,MainObjectXXX3,TargetObjectXXX3
