10,10,10,place_wine1_scene4,0,0.0,5.6579999999999995,ActionXXX0,MainObjectXXX0,
10,10,10,place_wine1_scene4,1,5.6579999999999995,8.762999999999998,ActionXXX1,MainObjectXXX1,
10,10,10,place_wine1_scene4,2,8.762999999999998,12.626999999999997,ActionXXX2,MainObjectXXX2,
10,10,10,place_wine1_scene4,3,12.626999999999997,15.662999999999997,ActionXXX3,MainObjectXXX3,TargetObjectXXX3
