10,10,10,put_groceries_in_fridge15_scene4,0,0.0,7.727999999999999,ActionXXX0,MainObjectXXX0,
10,10,10,put_groceries_in_fridge15_scene4,1,7.727999999999999,10.832999999999998,ActionXXX1,MainObjectXXX1,
10,10,10,put_groceries_in_fridge15_scene4,2,10.832999999999998,16.766999999999996,ActionXXX2,MainObjectXXX2,
10,10,10,put_groceries_in_fridge15_scene4,3,16.766999999999996,20.078999999999994,ActionXXX3,MainObjectXXX3,
10,10,10,put_groceries_in_fridge15_scene4,4,20.078999999999994,20.078999999999994,ActionXXX4,MainObjectXXX4,
10,10,10,put_groceries_in_fridge15_scene4,5,20.078999999999994,23.114999999999995,ActionXXX5,MainObjectXXX5,TargetObjectXXX5
10,10,10,put_groceries_in_fridge15_scene4,6,23.114999999999995,26.426999999999992,ActionXXX6,MainObjectXXX6,
