10,10,10,put_groceries_in_fridge15_scene6,0,0.0,9.038999999999998,ActionXXX0,MainObjectXXX0,
10,10,10,put_groceries_in_fridge15_scene6,1,9.038999999999998,12.143999999999998,ActionXXX1,MainObjectXXX1,
10,10,10,put_groceries_in_fridge15_scene6,2,12.143999999999998,17.939999999999998,ActionXXX2,MainObjectXXX2,
10,10,10,put_groceries_in_fridge15_scene6,3,17.939999999999998,21.251999999999995,ActionXXX3,MainObjectXXX3,
10,10,10,put_groceries_in_fridge15_scene6,4,21.251999999999995,21.251999999999995,ActionXXX4,MainObjectXXX4,
10,10,10,put_groceries_in_fridge15_scene6,5,21.251999999999995,24.287999999999997,ActionXXX5,MainObjectXXX5,TargetObjectXXX5
10,10,10,put_groceries_in_fridge15_scene6,6,24.287999999999997,27.599999999999994,ActionXXX6,MainObjectXXX6,
