10,10,10,put_groceries_in_fridge20_scene4,0,0.0,3.8639999999999994,ActionXXX0,MainObjectXXX0,
10,10,10,put_groceries_in_fridge20_scene4,1,3.8639999999999994,6.968999999999999,ActionXXX1,MainObjectXXX1,
10,10,10,put_groceries_in_fridge20_scene4,2,6.968999999999999,14.213999999999999,ActionXXX2,MainObjectXXX2,
10,10,10,put_groceries_in_fridge20_scene4,3,14.213999999999999,17.525999999999996,ActionXXX3,MainObjectXXX3,
10,10,10,put_groceries_in_fridge20_scene4,4,17.525999999999996,17.525999999999996,ActionXXX4,MainObjectXXX4,
10,10,10,put_groceries_in_fridge20_scene4,5,17.525999999999996,20.561999999999998,ActionXXX5,MainObjectXXX5,TargetObjectXXX5
10,10,10,put_groceries_in_fridge20_scene4,6,20.561999999999998,23.873999999999995,ActionXXX6,MainObjectXXX6,
