10,10,10,read_book1_scene6,0,0.0,10.211999999999998,ActionXXX0,MainObjectXXX0,
10,10,10,read_book1_scene6,1,10.211999999999998,18.560999999999996,ActionXXX1,MainObjectXXX1,
10,10,10,read_book1_scene6,2,18.560999999999996,24.839999999999996,ActionXXX2,MainObjectXXX2,
10,10,10,read_book1_scene6,3,24.839999999999996,27.944999999999997,ActionXXX3,MainObjectXXX3,
10,10,10,read_book1_scene6,4,27.944999999999997,35.327999999999996,ActionXXX4,MainObjectXXX4,
10,10,10,read_book1_scene6,5,35.327999999999996,42.297,ActionXXX5,MainObjectXXX5,
10,10,10,read_book1_scene6,6,42.297,56.855999999999995,ActionXXX6,MainObjectXXX6,
