10,10,10,relax_on_sofa1_scene5,0,0.0,6.8999999999999995,ActionXXX0,MainObjectXXX0,
10,10,10,relax_on_sofa1_scene5,1,6.8999999999999995,8.969999999999999,ActionXXX1,MainObjectXXX1,
10,10,10,relax_on_sofa1_scene5,2,8.969999999999999,20.147999999999996,ActionXXX2,MainObjectXXX2,
