10,10,10,relax_on_sofa1_scene2,0,0.0,13.592999999999998,ActionXXX0,MainObjectXXX0,
10,10,10,relax_on_sofa1_scene2,1,13.592999999999998,18.491999999999997,ActionXXX1,MainObjectXXX1,
10,10,10,relax_on_sofa1_scene2,2,18.491999999999997,24.356999999999996,ActionXXX2,MainObjectXXX2,
