10,10,10,relax_on_bed1_scene3,0,0.0,10.142999999999999,ActionXXX0,MainObjectXXX0,
10,10,10,relax_on_bed1_scene3,1,10.142999999999999,19.181999999999995,ActionXXX1,MainObjectXXX1,
10,10,10,relax_on_bed1_scene3,2,19.181999999999995,21.320999999999994,ActionXXX2,MainObjectXXX2,
10,10,10,relax_on_bed1_scene3,3,21.320999999999994,29.669999999999995,ActionXXX3,MainObjectXXX3,
