10,10,10,relax_on_bed1_scene5,0,0.0,8.348999999999998,ActionXXX0,MainObjectXXX0,
10,10,10,relax_on_bed1_scene5,1,8.348999999999998,15.800999999999998,ActionXXX1,MainObjectXXX1,
10,10,10,relax_on_bed1_scene5,2,15.800999999999998,17.595,ActionXXX2,MainObjectXXX2,
10,10,10,relax_on_bed1_scene5,3,17.595,25.253999999999998,ActionXXX3,MainObjectXXX3,
