10,10,10,rinse_toothbrush1_scene5,0,0.0,9.659999999999998,ActionXXX0,MainObjectXXX0,
10,10,10,rinse_toothbrush1_scene5,1,9.659999999999998,12.764999999999997,ActionXXX1,MainObjectXXX1,
10,10,10,rinse_toothbrush1_scene5,2,12.764999999999997,14.558999999999997,ActionXXX2,MainObjectXXX2,
10,10,10,rinse_toothbrush1_scene5,3,14.558999999999997,17.939999999999998,ActionXXX3,MainObjectXXX3,
10,10,10,rinse_toothbrush1_scene5,4,17.939999999999998,32.843999999999994,ActionXXX4,MainObjectXXX4,
10,10,10,rinse_toothbrush1_scene5,5,32.843999999999994,49.26599999999999,ActionXXX5,MainObjectXXX5,
10,10,10,rinse_toothbrush1_scene5,6,49.26599999999999,52.715999999999994,ActionXXX6,MainObjectXXX6,
10,10,10,rinse_toothbrush1_scene5,7,52.715999999999994,60.029999999999994,ActionXXX7,MainObjectXXX7,
