10,10,10,squats1_scene3,0,0.0,8.28,ActionXXX0,MainObjectXXX0,
10,10,10,squats1_scene3,1,8.28,17.595,ActionXXX1,MainObjectXXX1,
10,10,10,squats1_scene3,2,17.595,28.358999999999998,ActionXXX2,MainObjectXXX2,
10,10,10,squats1_scene3,3,28.358999999999998,34.086,ActionXXX3,,
10,10,10,squats1_scene3,4,34.086,39.812999999999995,ActionXXX4,,
10,10,10,squats1_scene3,5,39.812999999999995,45.53999999999999,ActionXXX5,,
