10,10,10,squat_jumps1_scene1,0,0.0,9.729000000000001,ActionXXX0,MainObjectXXX0,
10,10,10,squat_jumps1_scene1,1,9.729000000000001,18.285000000000004,ActionXXX1,MainObjectXXX1,
10,10,10,squat_jumps1_scene1,2,18.285000000000004,30.360000000000003,ActionXXX2,MainObjectXXX2,
10,10,10,squat_jumps1_scene1,3,30.360000000000003,34.569,ActionXXX3,,
10,10,10,squat_jumps1_scene1,4,34.569,43.746,ActionXXX4,,
10,10,10,squat_jumps1_scene1,5,43.746,48.921,ActionXXX5,,
10,10,10,squat_jumps1_scene1,6,48.921,58.028999999999996,ActionXXX6,,
10,10,10,squat_jumps1_scene1,7,58.028999999999996,63.20399999999999,ActionXXX7,,
10,10,10,squat_jumps1_scene1,8,63.20399999999999,72.44999999999999,ActionXXX8,,
