10,10,10,straddle_splits1_scene5,0,0.0,8.418,ActionXXX0,MainObjectXXX0,
10,10,10,straddle_splits1_scene5,1,8.418,20.354999999999997,ActionXXX1,,
10,10,10,straddle_splits1_scene5,2,20.354999999999997,36.15599999999999,ActionXXX2,,
10,10,10,straddle_splits1_scene5,3,36.15599999999999,52.02599999999999,ActionXXX3,,
