10,10,10,throw_trash3_scene2,0,0.0,8.072999999999999,ActionXXX0,MainObjectXXX0,
10,10,10,throw_trash3_scene2,1,8.072999999999999,11.177999999999997,ActionXXX1,MainObjectXXX1,
10,10,10,throw_trash3_scene2,2,11.177999999999997,12.971999999999998,ActionXXX2,MainObjectXXX2,
10,10,10,throw_trash3_scene2,3,12.971999999999998,16.076999999999998,ActionXXX3,MainObjectXXX3,
10,10,10,throw_trash3_scene2,4,16.076999999999998,22.355999999999998,ActionXXX4,MainObjectXXX4,
10,10,10,throw_trash3_scene2,5,22.355999999999998,25.392,ActionXXX5,MainObjectXXX5,TargetObjectXXX5
10,10,10,throw_trash3_scene2,6,25.392,28.428,ActionXXX6,MainObjectXXX6,TargetObjectXXX6
