10,10,10,turn_on_light7_scene6,0,0.0,6.623999999999999,ActionXXX0,MainObjectXXX0,
10,10,10,turn_on_light7_scene6,1,6.623999999999999,12.350999999999999,ActionXXX1,MainObjectXXX1,
10,10,10,turn_on_light7_scene6,2,12.350999999999999,15.732,ActionXXX2,MainObjectXXX2,
