10,10,10,turn_off_light8_scene6,0,0.0,6.209999999999999,ActionXXX0,MainObjectXXX0,
10,10,10,turn_off_light8_scene6,1,6.209999999999999,10.901999999999997,ActionXXX1,MainObjectXXX1,
10,10,10,turn_off_light8_scene6,2,10.901999999999997,14.282999999999998,ActionXXX2,MainObjectXXX2,
10,10,10,turn_off_light8_scene6,3,14.282999999999998,18.974999999999998,ActionXXX3,MainObjectXXX3,
