10,10,10,turn_on_light5_scene5,0,0.0,6.8309999999999995,ActionXXX0,MainObjectXXX0,
10,10,10,turn_on_light5_scene5,1,6.8309999999999995,13.248,ActionXXX1,MainObjectXXX1,
10,10,10,turn_on_light5_scene5,2,13.248,18.974999999999998,ActionXXX2,MainObjectXXX2,
10,10,10,turn_on_light5_scene5,3,18.974999999999998,24.563999999999997,ActionXXX3,MainObjectXXX3,
