10,10,10,turn_on_light5_scene3,0,0.0,7.727999999999999,ActionXXX0,MainObjectXXX0,
10,10,10,turn_on_light5_scene3,1,7.727999999999999,16.836,ActionXXX1,MainObjectXXX1,
10,10,10,turn_on_light5_scene3,2,16.836,26.012999999999998,ActionXXX2,MainObjectXXX2,
10,10,10,turn_on_light5_scene3,3,26.012999999999998,31.256999999999998,ActionXXX3,MainObjectXXX3,
