10,10,10,turn_on_light8_scene3,0,0.0,7.382999999999999,ActionXXX0,MainObjectXXX0,
10,10,10,turn_on_light8_scene3,1,7.382999999999999,13.316999999999998,ActionXXX1,MainObjectXXX1,
10,10,10,turn_on_light8_scene3,2,13.316999999999998,19.113,ActionXXX2,MainObjectXXX2,
