10,10,10,turn_on_light6_scene6,0,0.0,8.072999999999999,ActionXXX0,MainObjectXXX0,
10,10,10,turn_on_light6_scene6,1,8.072999999999999,13.316999999999998,ActionXXX1,MainObjectXXX1,
10,10,10,turn_on_light6_scene6,2,13.316999999999998,16.697999999999997,ActionXXX2,MainObjectXXX2,
