10,10,10,use_toilet1_scene6,0,0.0,6.968999999999999,ActionXXX0,MainObjectXXX0,
10,10,10,use_toilet1_scene6,1,6.968999999999999,11.937,ActionXXX1,MainObjectXXX1,
10,10,10,use_toilet1_scene6,2,11.937,18.974999999999998,ActionXXX2,MainObjectXXX2,
10,10,10,use_toilet1_scene6,3,18.974999999999998,25.116,ActionXXX3,,
