10,10,10,use_toilet1_scene3,0,0.0,9.659999999999998,ActionXXX0,MainObjectXXX0,
10,10,10,use_toilet1_scene3,1,9.659999999999998,14.144999999999998,ActionXXX1,MainObjectXXX1,
10,10,10,use_toilet1_scene3,2,14.144999999999998,22.769999999999996,ActionXXX2,MainObjectXXX2,
10,10,10,use_toilet1_scene3,3,22.769999999999996,28.910999999999994,ActionXXX3,,
