10,10,10,walk_with_memory_loss6_scene6,0,0.0,8.969999999999999,ActionXXX0,MainObjectXXX0,
10,10,10,walk_with_memory_loss6_scene6,1,8.969999999999999,17.318999999999996,ActionXXX1,MainObjectXXX1,
10,10,10,walk_with_memory_loss6_scene6,2,17.318999999999996,24.080999999999996,ActionXXX2,MainObjectXXX2,
10,10,10,walk_with_memory_loss6_scene6,3,24.080999999999996,28.427999999999997,ActionXXX3,MainObjectXXX3,
10,10,10,walk_with_memory_loss6_scene6,4,28.427999999999997,33.602999999999994,ActionXXX4,MainObjectXXX4,
