10,10,10,walk_with_memory_loss7_scene2,0,0.0,7.106999999999999,ActionXXX0,MainObjectXXX0,
10,10,10,walk_with_memory_loss7_scene2,1,7.106999999999999,13.178999999999998,ActionXXX1,MainObjectXXX1,
10,10,10,walk_with_memory_loss7_scene2,2,13.178999999999998,21.044999999999998,ActionXXX2,MainObjectXXX2,
10,10,10,walk_with_memory_loss7_scene2,3,21.044999999999998,28.772999999999996,ActionXXX3,MainObjectXXX3,
