10,10,10,walk_with_memory_loss6_scene3,0,0.0,10.142999999999999,ActionXXX0,MainObjectXXX0,
10,10,10,walk_with_memory_loss6_scene3,1,10.142999999999999,15.248999999999999,ActionXXX1,MainObjectXXX1,
10,10,10,walk_with_memory_loss6_scene3,2,15.248999999999999,24.218999999999998,ActionXXX2,MainObjectXXX2,
10,10,10,walk_with_memory_loss6_scene3,3,24.218999999999998,33.464999999999996,ActionXXX3,MainObjectXXX3,
