10,10,10,walk_with_memory_loss7_scene6,0,0.0,11.246999999999998,ActionXXX0,MainObjectXXX0,
10,10,10,walk_with_memory_loss7_scene6,1,11.246999999999998,19.043999999999997,ActionXXX1,MainObjectXXX1,
10,10,10,walk_with_memory_loss7_scene6,2,19.043999999999997,21.872999999999998,ActionXXX2,MainObjectXXX2,
10,10,10,walk_with_memory_loss7_scene6,3,21.872999999999998,22.217999999999996,ActionXXX3,MainObjectXXX3,
