5,5,0,place_plate1_scene3,0,0.0,4.691999999999999,ActionXXX0,plate67_scene3,
5,5,0,place_plate1_scene3,1,4.691999999999999,7.796999999999999,ActionXXX1,plate67_scene3,
5,5,0,place_plate1_scene3,2,7.796999999999999,16.145999999999997,ActionXXX2,plate68_scene3,
5,5,0,place_plate1_scene3,3,16.145999999999997,19.250999999999998,grab,plate68_scene3,
5,5,0,place_plate1_scene3,4,19.250999999999998,24.839999999999996,ActionXXX4,kitchentable138_scene3,
5,5,0,place_plate1_scene3,5,24.839999999999996,27.875999999999998,put,plate67_scene3,kitchentable138_scene3
5,5,0,place_plate1_scene3,6,27.875999999999998,30.912,ActionXXX6,plate68_scene3,kitchentable138_scene3
