5,5,0,put_groceries_in_fridge20_scene4,0,0.0,3.8639999999999994,ActionXXX0,creamybuns56_scene4,
5,5,0,put_groceries_in_fridge20_scene4,1,3.8639999999999994,6.968999999999999,ActionXXX1,creamybuns56_scene4,
5,5,0,put_groceries_in_fridge20_scene4,2,6.968999999999999,14.213999999999999,walk,fridge107_scene4,
5,5,0,put_groceries_in_fridge20_scene4,3,14.213999999999999,17.525999999999996,ActionXXX3,fridge107_scene4,
5,5,0,put_groceries_in_fridge20_scene4,4,17.525999999999996,17.525999999999996,turnTo,fridge107_scene4,
5,5,0,put_groceries_in_fridge20_scene4,5,17.525999999999996,20.561999999999998,putIn,creamybuns56_scene4,fridge107_scene4
5,5,0,put_groceries_in_fridge20_scene4,6,20.561999999999998,23.873999999999995,ActionXXX6,fridge107_scene4,
