5,5,0,read_book1_scene6,0,0.0,10.211999999999998,walk,bedroom70_scene6,
5,5,0,read_book1_scene6,1,10.211999999999998,18.560999999999996,walk,livingroom260_scene6,
5,5,0,read_book1_scene6,2,18.560999999999996,24.839999999999996,walk,book352_scene6,
5,5,0,read_book1_scene6,3,24.839999999999996,27.944999999999997,grab,book352_scene6,
5,5,0,read_book1_scene6,4,27.944999999999997,35.327999999999996,walk,sofa293_scene6,
5,5,0,read_book1_scene6,5,35.327999999999996,42.297,ActionXXX5,sofa293_scene6,
5,5,0,read_book1_scene6,6,42.297,56.855999999999995,read,book352_scene6,
