5,5,0,relax_on_sofa1_scene2,0,0.0,13.592999999999998,ActionXXX0,livingroom274_scene2,
5,5,0,relax_on_sofa1_scene2,1,13.592999999999998,18.491999999999997,walk,sofa301_scene2,
5,5,0,relax_on_sofa1_scene2,2,18.491999999999997,24.356999999999996,sit,sofa301_scene2,
