5,5,0,relax_on_bed1_scene3,0,0.0,10.142999999999999,walk,kitchen11_scene3,
5,5,0,relax_on_bed1_scene3,1,10.142999999999999,19.181999999999995,ActionXXX1,bedroom358_scene3,
5,5,0,relax_on_bed1_scene3,2,19.181999999999995,21.320999999999994,walk,bed407_scene3,
5,5,0,relax_on_bed1_scene3,3,21.320999999999994,29.669999999999995,ActionXXX3,bed407_scene3,
