5,5,0,shoulder_stretch1_scene1,0,0.0,9.729000000000001,ActionXXX0,bedroom75_scene1,
5,5,0,shoulder_stretch1_scene1,1,9.729000000000001,18.285000000000004,walk,kitchen209_scene1,
5,5,0,shoulder_stretch1_scene1,2,18.285000000000004,30.360000000000003,walk,livingroom342_scene1,
5,5,0,shoulder_stretch1_scene1,3,30.360000000000003,49.956,ActionXXX3,,
5,5,0,shoulder_stretch1_scene1,4,49.956,71.415,stretch,,
5,5,0,shoulder_stretch1_scene1,5,71.415,92.87400000000001,ActionXXX5,,
