5,5,0,turn_on_light7_scene6,0,0.0,6.623999999999999,walk,bedroom70_scene6,
5,5,0,turn_on_light7_scene6,1,6.623999999999999,12.350999999999999,walk,lightswitch109_scene6,
5,5,0,turn_on_light7_scene6,2,12.350999999999999,15.732,switchOn,lightswitch109_scene6,
