5,5,0,use_toilet1_scene3,0,0.0,9.659999999999998,ActionXXX0,bathroom297_scene3,
5,5,0,use_toilet1_scene3,1,9.659999999999998,14.144999999999998,ActionXXX1,toilet333_scene3,
5,5,0,use_toilet1_scene3,2,14.144999999999998,22.769999999999996,ActionXXX2,toilet333_scene3,
5,5,0,use_toilet1_scene3,2,22.769999999999996,31.394999999999996,ActionXXX2,toilet333_scene3,
5,5,0,use_toilet1_scene3,3,31.394999999999996,37.535999999999994,stand,,
